தன்+pron+3sg+refl+nom+add	தனும்
தாம்+pron+3pl+refl+nom+add	தாமும்
தான்+pron+3sg+refl+nom+add	தானும்
தாங்கள்+pron+3pl+refl+nom+add	தாங்களும்
உது+pron+dem+med+2sgn+nom+add	உதுவும்
உம்+pron+pssd+2sgh+nom+add	உமும்
உன்+pron+pssd+med+2sg+nom+add	உனும்
உங்கள்+pron+pssd+2plh+nom+add	உங்களும்
உவன்+pron+2sgm+dem+med+nom+add	உவனும்
உவள்+pron+2sgf+dem+med+nom+add	உவளும்
உவர்+pron+2sgh+dem+med+nom+add	உவரும்
உவர்கள்+pron+2sgh+dem+med+nom+add	உவர்களும்
உவர்கள்+pron+2pl+dem+med+nom+add	உவர்களும்
உவை+pron+dem+med+2pl+nom+add	உவையும்
இது+pron+dem+prox+2sgn+nom+add	இதுவும்
இவன்+pron+2sgm+dem+prox+nom+add	இவனும்
இவள்+pron+2sgf+dem+prox+nom+add	இவளும்
இவர்+pron+2sgh+dem+prox+nom+add	இவரும்
இவர்கள்+pron+2sgh+dem+prox+nom+add	இவர்களும்
இவர்கள்+pron+2pl+dem+prox+nom+add	இவர்களும்
இவை+pron+dem+prox+2pl+nom+add	இவையும்
அது+pron+dem+dist+3sgn+nom+add	அதுவும்
அது+pron+dem+dist+pl+3sgn+nom+add	அதுவும்
அவன்+pron+dem+dist+3sgm+dem+nom+add	அவனும்
அவள்+pron+dem+dist+3sgf+dem+nom+add	அவளும்
அவர்+pron+dem+dist+3sgh+dem+nom+add	அவரும்
அவர்கள்+pron+3sgh+dem+dist+nom+add	அவர்களும்
அவர்கள்+pron+3pl+dem+dist+nom+add	அவர்களும்
அவை+pron+dem+dist+3pl+nom+add	அவையும்
நம்+pron+pssd+1pl+incl+nom+add	நமும்
நாம்+pron+1pl+incl+nom+add	நாமும்
நான்+pron+1sg+nom+add	நானும்
நாங்கள்+pron+1pl+excl+nom+add	நாங்களும்
நீ+pron+2sg+nom+add	நீயும்
நீங்கள்+pron+2plh+nom+add	நீங்களும்
நீர்+pron+2sgh+nom+add	நீரும்
எம்+pron+pssd+1pl+excl+nom+add	எமும்
என்+pron+pssd+1sg+nom+add	எனும்
என்+pron+pssd+1sg+nom+cmpr+add	என்போலும்
எங்கள்+pron+pssd+1pl+excl+nom+add	எங்களும்
இது+pron+dem+prox+2sgn+abl+add	இதனும்
இது+pron+dem+prox+2sgn+loc+add	இதனிடமும்
இது+pron+dem+prox+2sgn+loc+add	இதனிலும்
இது+pron+dem+prox+2sgn+loc+foc=ஏயே	இதனிலேயே
இது+pron+dem+prox+2sgn+gen+add	இதனதும்
இது+pron+dem+prox+2sgn+soc+add	இதனோடும்
இது+pron+dem+prox+2sgn+inst+add	இதனாலும்
இது+pron+dem+prox+pl+2sgn+gen+add	இதுகளதும்
இது+pron+dem+prox+pl+2sgn+acc+add	இதுகளையும்
இது+pron+dem+prox+pl+2sgn+acc+sandhip	இதுகளைப்
இது+pron+dem+prox+pl+2sgn+acc+sandhic	இதுகளைச்
இது+pron+dem+prox+pl+2sgn+acc+sandhit	இதுகளைத்
இது+pron+dem+prox+pl+2sgn+acc+sandhik	இதுகளைக்
இது+pron+dem+prox+pl+2sgn+dat+add	இதுகளுக்கும்
இது+pron+dem+prox+pl+2sgn+loc+add	இதுகளிலும்
இது+pron+dem+prox+pl+2sgn+loc+foc=ஏயே	இதுகளிலேயே
இது+pron+dem+prox+pl+2sgn+abl+add	இதுகளிலிருந்தும்
இது+pron+dem+prox+pl+2sgn+loc+add	இதுகளிடமும்
இது+pron+dem+prox+pl+2sgn+abl+add	இதுகளினும்
இது+pron+dem+prox+pl+2sgn+soc+add	இதுகளோடும்
இது+pron+dem+prox+pl+2sgn+inst+add	இதுகளாலும்
இது+pron+dem+prox+2sgn+loc+add	இதிலும்
இது+pron+dem+prox+2sgn+loc+foc=ஏயே	இதிலேயே
இது+pron+dem+prox+2sgn+abl+add	இதிலிருந்தும்
இது+pron+dem+prox+2sgn+abl+add	இதினும்
இது+pron+dem+prox+2sgn+inst+add	இதாலும்
இது+pron+dem+prox+2sgn+acc+add	இதையும்
இது+pron+dem+prox+2sgn+dat+add	இதற்கும்
இது+pron+dem+prox+2sgn+soc+add	இதோடும்
இது+pron+dem+prox+pl+2sgn+acc+add	இவற்றையும்
இவன்+pron+2sgm+dem+prox+dat+add	இவனுக்கும்
இவன்+pron+2sgm+dem+prox+gen+add	இவனதும்
இவன்+pron+2sgm+dem+prox+loc+add	இவனிலும்
இவன்+pron+2sgm+dem+prox+loc+foc=ஏயே	இவனிலேயே
இவன்+pron+2sgm+dem+prox+abl+add	இவனிலிருந்தும்
இவன்+pron+2sgm+dem+prox+abl+add	இவனினும்
இவன்+pron+2sgm+dem+prox+loc+add	இவனிடமும்
இவன்+pron+2sgm+dem+prox+inst+add	இவனாலும்
இவன்+pron+2sgm+dem+prox+acc+add	இவனையும்
இவன்+pron+2sgm+dem+prox+acc+sandhip	இவனைப்
இவன்+pron+2sgm+dem+prox+acc+sandhic	இவனைச்
இவன்+pron+2sgm+dem+prox+acc+sandhit	இவனைத்
இவன்+pron+2sgm+dem+prox+acc+sandhik	இவனைக்
இவன்+pron+2sgm+dem+prox+soc+add	இவனொடும்
இவன்+pron+2sgm+dem+prox+soc+add	இவனோடும்
இவள்+pron+2sgf+dem+prox+dat+add	இவளுக்கும்
இவள்+pron+2sgf+dem+prox+gen+add	இவளதும்
இவள்+pron+2sgf+dem+prox+abl+add	இவளினும்
இவள்+pron+2sgf+dem+prox+loc+add	இவளிலும்
இவள்+pron+2sgf+dem+prox+loc+foc=ஏயே	இவளிலேயே
இவள்+pron+2sgf+dem+prox+abl+add	இவளிலிருந்தும்
இவள்+pron+2sgf+dem+prox+loc+add	இவளிடமும்
இவள்+pron+2sgf+dem+prox+inst+add	இவளாலும்
இவள்+pron+2sgf+dem+prox+acc+add	இவளையும்
இவள்+pron+2sgf+dem+prox+acc+sandhip	இவளைப்
இவள்+pron+2sgf+dem+prox+acc+sandhic	இவளைச்
இவள்+pron+2sgf+dem+prox+acc+sandhit	இவளைத்
இவள்+pron+2sgf+dem+prox+acc+sandhik	இவளைக்
இவள்+pron+2sgf+dem+prox+soc+add	இவளொடும்
இவள்+pron+2sgf+dem+prox+soc+add	இவளோடும்
இவர்+pron+2sgh+dem+prox+dat+add	இவருக்கும்
இவர்+pron+2sgh+dem+prox+gen+add	இவரதும்
இவர்+pron+2sgh+dem+prox+loc+add	இவரிலும்
இவர்+pron+2sgh+dem+prox+loc+foc=ஏயே	இவரிலேயே
இவர்+pron+2sgh+dem+prox+abl+add	இவரிலிருந்தும்
இவர்+pron+2sgh+dem+prox+loc+add	இவரிடமும்
இவர்+pron+2sgh+dem+prox+abl+add	இவரினும்
இவர்+pron+2sgh+dem+prox+inst+add	இவராலும்
இவர்+pron+2sgh+dem+prox+acc+add	இவரையும்
இவர்+pron+2sgh+dem+prox+acc+sandhip	இவரைப்
இவர்+pron+2sgh+dem+prox+acc+sandhic	இவரைச்
இவர்+pron+2sgh+dem+prox+acc+sandhit	இவரைத்
இவர்+pron+2sgh+dem+prox+acc+sandhik	இவரைக்
இவர்+pron+2sgh+dem+prox+soc+add	இவரொடும்
இவர்+pron+2sgh+dem+prox+soc+add	இவரோடும்
இவர்கள்+pron+2sgh+dem+prox+gen+add	இவர்களதும்
இவர்கள்+pron+2sgh+dem+prox+dat+add	இவர்களுக்கும்
இவர்கள்+pron+2sgh+dem+prox+loc+add	இவர்களிலும்
இவர்கள்+pron+2sgh+dem+prox+loc+foc=ஏயே	இவர்களிலேயே
இவர்கள்+pron+2sgh+dem+prox+abl+add	இவர்களிலிருந்தும்
இவர்கள்+pron+2sgh+dem+prox+loc+add	இவர்களிடமும்
இவர்கள்+pron+2sgh+dem+prox+abl+add	இவர்களினும்
இவர்கள்+pron+2sgh+dem+prox+soc+add	இவர்களோடும்
இவர்கள்+pron+2sgh+dem+prox+inst+add	இவர்களாலும்
இவர்கள்+pron+2sgh+dem+prox+acc+add	இவர்களையும்
இவர்கள்+pron+2sgh+dem+prox+acc+sandhip	இவர்களைப்
இவர்கள்+pron+2sgh+dem+prox+acc+sandhic	இவர்களைச்
இவர்கள்+pron+2sgh+dem+prox+acc+sandhit	இவர்களைத்
இவர்கள்+pron+2sgh+dem+prox+acc+sandhik	இவர்களைக்
இவர்கள்+pron+2sgh+dem+prox+soc+add	இவர்களொடும்
இவர்கள்+pron+2pl+dem+prox+dat+add	இவர்களுக்கும்
இவர்கள்+pron+2pl+dem+prox+gen+add	இவர்களதும்
இவர்கள்+pron+2pl+dem+prox+loc+add	இவர்களிலும்
இவர்கள்+pron+2pl+dem+prox+loc+foc=ஏயே	இவர்களிலேயே
இவர்கள்+pron+2pl+dem+prox+abl+add	இவர்களிலிருந்தும்
இவர்கள்+pron+2pl+dem+prox+abl+add	இவர்களினும்
இவர்கள்+pron+2pl+dem+prox+loc+add	இவர்களிடமும்
இவர்கள்+pron+2pl+dem+prox+inst+add	இவர்களாலும்
இவர்கள்+pron+2pl+dem+prox+acc+add	இவர்களையும்
இவர்கள்+pron+2pl+dem+prox+acc+sandhip	இவர்களைப்
இவர்கள்+pron+2pl+dem+prox+acc+sandhic	இவர்களைச்
இவர்கள்+pron+2pl+dem+prox+acc+sandhit	இவர்களைத்
இவர்கள்+pron+2pl+dem+prox+acc+sandhik	இவர்களைக்
இவர்கள்+pron+2pl+dem+prox+soc+add	இவர்களொடும்
இவர்கள்+pron+2pl+dem+prox+soc+add	இவர்களோடும்
இவை+pron+dem+prox+2pl+dat+add	இவைக்கும்
இவை+pron+dem+prox+2pl+gen+add	இவைகளதும்
இவை+pron+dem+prox+2pl+acc+add	இவைகளையும்
இவை+pron+dem+prox+2pl+acc+sandhip	இவைகளைப்
இவை+pron+dem+prox+2pl+acc+sandhic	இவைகளைச்
இவை+pron+dem+prox+2pl+acc+sandhit	இவைகளைத்
இவை+pron+dem+prox+2pl+acc+sandhik	இவைகளைக்
இவை+pron+dem+prox+2pl+dat+add	இவைகளுக்கும்
இவை+pron+dem+prox+2pl+loc+add	இவைகளிலும்
இவை+pron+dem+prox+2pl+loc+foc=ஏயே	இவைகளிலேயே
இவை+pron+dem+prox+2pl+abl+add	இவைகளிலிருந்தும்
இவை+pron+dem+prox+2pl+loc+add	இவைகளிடமும்
இவை+pron+dem+prox+2pl+abl+add	இவைகளினும்
இவை+pron+dem+prox+2pl+soc+add	இவைகளோடும்
இவை+pron+dem+prox+2pl+inst+add	இவைகளாலும்
இவை+pron+dem+prox+2pl+gen+add	இவையதும்
இவை+pron+dem+prox+2pl+abl+add	இவையிலிருந்தும்
இவை+pron+dem+prox+2pl+loc+add	இவையிலும்
இவை+pron+dem+prox+2pl+loc+foc=ஏயே	இவையிலேயே
இவை+pron+dem+prox+2pl+loc+add	இவையிடமும்
இவை+pron+dem+prox+2pl+abl+add	இவையினும்
இவை+pron+dem+prox+2pl+soc+add	இவையோடும்
இவை+pron+dem+prox+2pl+inst+add	இவையாலும்
இவை+pron+dem+prox+2pl+acc+add	இவையையும்
இவை+pron+dem+prox+2pl+acc+sandhip	இவையைப்
இவை+pron+dem+prox+2pl+acc+sandhic	இவையைச்
இவை+pron+dem+prox+2pl+acc+sandhit	இவையைத்
இவை+pron+dem+prox+2pl+acc+sandhik	இவையைக்
இவை+pron+dem+prox+2pl+gen+add	இவற்றதும்
இவை+pron+dem+prox+2pl+acc+add	இவற்றையும்
இவை+pron+dem+prox+2pl+dat+add	இவற்றுக்கும்
இவை+pron+dem+prox+2pl+loc+add	இவற்றிலும்
இவை+pron+dem+prox+2pl+loc+foc=ஏயே	இவற்றிலேயே
இவை+pron+dem+prox+2pl+abl+add	இவற்றிலிருந்தும்
இவை+pron+dem+prox+2pl+loc+add	இவற்றிடமும்
இவை+pron+dem+prox+2pl+abl+add	இவற்றினும்
இவை+pron+dem+prox+2pl+inst+add	இவற்றாலும்
இவை+pron+dem+prox+2pl+soc+add	இவற்றொடும்
உது+pron+dem+med+2sgn+abl+add	உதுகளிலிருந்தும்
உது+pron+dem+med+2sgn+loc+add	உதுகளிலும்
உது+pron+dem+med+2sgn+loc+foc=ஏயே	உதுகளிலேயே
உது+pron+dem+med+2sgn+loc+add	உதுகளிடமும்
உது+pron+dem+med+2sgn+abl+add	உதுகளினும்
உது+pron+dem+med+2sgn+gen+add	உதுகளதும்
உது+pron+dem+med+2sgn+dat+add	உதுகளுக்கும்
உது+pron+dem+med+2sgn+soc+add	உதுகளோடும்
உது+pron+dem+med+2sgn+inst+add	உதுகளாலும்
உது+pron+dem+med+2sgn+acc+add	உதுகளையும்
உது+pron+dem+med+2sgn+acc+sandhip	உதுகளைப்
உது+pron+dem+med+2sgn+acc+sandhic	உதுகளைச்
உது+pron+dem+med+2sgn+acc+sandhit	உதுகளைத்
உது+pron+dem+med+2sgn+acc+sandhik	உதுகளைக்
உம்+pron+pssd+2sgh+soc+add	உம்முடனும்
உம்+pron+pssd+2sgh+gen+add	உம்மதும்
உம்+pron+pssd+2sgh+loc+add	உம்மிலும்
உம்+pron+pssd+2sgh+loc+foc=ஏயே	உம்மிலேயே
உம்+pron+pssd+2sgh+abl+add	உம்மிலும்
உம்+pron+pssd+2sgh+abl+add	உம்மிலிருந்தும்
உம்+pron+pssd+2sgh+loc+add	உம்மிடமும்
உம்+pron+pssd+2sgh+abl+add	உம்மினும்
உம்+pron+pssd+2sgh+inst+add	உம்மாலும்
உம்+pron+pssd+2sgh+acc+add	உம்மையும்
உம்+pron+pssd+2sgh+acc+sandhip	உம்மைப்
உம்+pron+pssd+2sgh+acc+sandhic	உம்மைச்
உம்+pron+pssd+2sgh+acc+sandhit	உம்மைத்
உம்+pron+pssd+2sgh+acc+sandhik	உம்மைக்
உம்+pron+pssd+2sgh+soc+add	உம்மொடும்
உம்+pron+pssd+2sgh+soc+add	உம்மோடும்
உம்+pron+pssd+2sgh+dat+add	உமக்கும்
உம்+pron+pssd+2sgh+gen+add	உமதும்
உன்+pron+pssd+med+2sg+soc+add	உன்னுடனும்
உன்+pron+pssd+med+2sg+abl+add	உன்னினும்
உன்+pron+pssd+med+2sg+loc+add	உன்னிடமும்
உன்+pron+pssd+med+2sg+loc+add	உன்னிலும்
உன்+pron+pssd+med+2sg+loc+foc=ஏயே	உன்னிலேயே
உன்+pron+pssd+med+2sg+abl+add	உன்னிலும்
உன்+pron+pssd+med+2sg+abl+add	உன்னிலிருந்தும்
உன்+pron+pssd+med+2sg+inst+add	உன்னாலும்
உன்+pron+pssd+med+2sg+acc+add	உன்னையும்
உன்+pron+pssd+med+2sg+acc+sandhip	உன்னைப்
உன்+pron+pssd+med+2sg+acc+sandhic	உன்னைச்
உன்+pron+pssd+med+2sg+acc+sandhit	உன்னைத்
உன்+pron+pssd+med+2sg+acc+sandhik	உன்னைக்
உன்+pron+pssd+med+2sg+soc+add	உன்னோடும்
உன்+pron+pssd+med+2sg+gen+add	உனதும்
உன்+pron+pssd+med+2sg+dat+add	உனக்கும்
உங்கள்+pron+pssd+2plh+dat+add	உங்களுக்கும்
உங்கள்+pron+pssd+2plh+soc+add	உங்களுடனும்
உங்கள்+pron+pssd+2plh+gen+add	உங்களதும்
உங்கள்+pron+pssd+2plh+loc+add	உங்களிடமும்
உங்கள்+pron+pssd+2plh+loc+add	உங்களிலும்
உங்கள்+pron+pssd+2plh+loc+foc=ஏயே	உங்களிலேயே
உங்கள்+pron+pssd+2plh+abl+add	உங்களிலிருந்தும்
உங்கள்+pron+pssd+2plh+abl+add	உங்களினும்
உங்கள்+pron+pssd+2plh+soc+add	உங்களோடும்
உங்கள்+pron+pssd+2plh+inst+add	உங்களாலும்
உங்கள்+pron+pssd+2plh+acc+add	உங்களையும்
உங்கள்+pron+pssd+2plh+acc+sandhip	உங்களைப்
உங்கள்+pron+pssd+2plh+acc+sandhic	உங்களைச்
உங்கள்+pron+pssd+2plh+acc+sandhit	உங்களைத்
உங்கள்+pron+pssd+2plh+acc+sandhik	உங்களைக்
உவன்+pron+2sgm+dem+med+dat+add	உவனுக்கும்
உவன்+pron+2sgm+dem+med+gen+add	உவனதும்
உவன்+pron+2sgm+dem+med+loc+add	உவனிலும்
உவன்+pron+2sgm+dem+med+loc+foc=ஏயே	உவனிலேயே
உவன்+pron+2sgm+dem+med+abl+add	உவனிலிருந்தும்
உவன்+pron+2sgm+dem+med+abl+add	உவனினும்
உவன்+pron+2sgm+dem+med+loc+add	உவனிடமும்
உவன்+pron+2sgm+dem+med+inst+add	உவனாலும்
உவன்+pron+2sgm+dem+med+acc+add	உவனையும்
உவன்+pron+2sgm+dem+med+acc+sandhip	உவனைப்
உவன்+pron+2sgm+dem+med+acc+sandhic	உவனைச்
உவன்+pron+2sgm+dem+med+acc+sandhit	உவனைத்
உவன்+pron+2sgm+dem+med+acc+sandhik	உவனைக்
உவன்+pron+2sgm+dem+med+soc+add	உவனொடும்
உவன்+pron+2sgm+dem+med+soc+add	உவனோடும்
உவள்+pron+2sgf+dem+med+dat+add	உவளுக்கும்
உவள்+pron+2sgf+dem+med+gen+add	உவளதும்
உவள்+pron+2sgf+dem+med+abl+add	உவளினும்
உவள்+pron+2sgf+dem+med+loc+add	உவளிலும்
உவள்+pron+2sgf+dem+med+loc+foc=ஏயே	உவளிலேயே
உவள்+pron+2sgf+dem+med+abl+add	உவளிலிருந்தும்
உவள்+pron+2sgf+dem+med+loc+add	உவளிடமும்
உவள்+pron+2sgf+dem+med+inst+add	உவளாலும்
உவள்+pron+2sgf+dem+med+acc+add	உவளையும்
உவள்+pron+2sgf+dem+med+acc+sandhip	உவளைப்
உவள்+pron+2sgf+dem+med+acc+sandhic	உவளைச்
உவள்+pron+2sgf+dem+med+acc+sandhit	உவளைத்
உவள்+pron+2sgf+dem+med+acc+sandhik	உவளைக்
உவள்+pron+2sgf+dem+med+soc+add	உவளொடும்
உவள்+pron+2sgf+dem+med+soc+add	உவளோடும்
உவர்+pron+2sgh+dem+med+dat+add	உவருக்கும்
உவர்+pron+2sgh+dem+med+gen+add	உவரதும்
உவர்+pron+2sgh+dem+med+loc+add	உவரிலும்
உவர்+pron+2sgh+dem+med+loc+foc=ஏயே	உவரிலேயே
உவர்+pron+2sgh+dem+med+abl+add	உவரிலிருந்தும்
உவர்+pron+2sgh+dem+med+loc+add	உவரிடமும்
உவர்+pron+2sgh+dem+med+abl+add	உவரினும்
உவர்+pron+2sgh+dem+med+inst+add	உவராலும்
உவர்+pron+2sgh+dem+med+acc+add	உவரையும்
உவர்+pron+2sgh+dem+med+acc+sandhip	உவரைப்
உவர்+pron+2sgh+dem+med+acc+sandhic	உவரைச்
உவர்+pron+2sgh+dem+med+acc+sandhit	உவரைத்
உவர்+pron+2sgh+dem+med+acc+sandhik	உவரைக்
உவர்+pron+2sgh+dem+med+soc+add	உவரொடும்
உவர்+pron+2sgh+dem+med+soc+add	உவரோடும்
உவர்கள்+pron+2sgh+dem+med+gen+add	உவர்களதும்
உவர்கள்+pron+2sgh+dem+med+dat+add	உவர்களுக்கும்
உவர்கள்+pron+2sgh+dem+med+loc+add	உவர்களிலும்
உவர்கள்+pron+2sgh+dem+med+loc+foc=ஏயே	உவர்களிலேயே
உவர்கள்+pron+2sgh+dem+med+abl+add	உவர்களிலிருந்தும்
உவர்கள்+pron+2sgh+dem+med+loc+add	உவர்களிடமும்
உவர்கள்+pron+2sgh+dem+med+abl+add	உவர்களினும்
உவர்கள்+pron+2sgh+dem+med+soc+add	உவர்களோடும்
உவர்கள்+pron+2sgh+dem+med+inst+add	உவர்களாலும்
உவர்கள்+pron+2sgh+dem+med+acc+add	உவர்களையும்
உவர்கள்+pron+2sgh+dem+med+acc+sandhip	உவர்களைப்
உவர்கள்+pron+2sgh+dem+med+acc+sandhic	உவர்களைச்
உவர்கள்+pron+2sgh+dem+med+acc+sandhit	உவர்களைத்
உவர்கள்+pron+2sgh+dem+med+acc+sandhik	உவர்களைக்
உவர்கள்+pron+2sgh+dem+med+soc+add	உவர்களொடும்
உவர்கள்+pron+2pl+dem+med+dat+add	உவர்களுக்கும்
உவர்கள்+pron+2pl+dem+med+gen+add	உவர்களதும்
உவர்கள்+pron+2pl+dem+med+loc+add	உவர்களிலும்
உவர்கள்+pron+2pl+dem+med+loc+foc=ஏயே	உவர்களிலேயே
உவர்கள்+pron+2pl+dem+med+abl+add	உவர்களிலிருந்தும்
உவர்கள்+pron+2pl+dem+med+abl+add	உவர்களினும்
உவர்கள்+pron+2pl+dem+med+loc+add	உவர்களிடமும்
உவர்கள்+pron+2pl+dem+med+inst+add	உவர்களாலும்
உவர்கள்+pron+2pl+dem+med+acc+add	உவர்களையும்
உவர்கள்+pron+2pl+dem+med+acc+sandhip	உவர்களைப்
உவர்கள்+pron+2pl+dem+med+acc+sandhic	உவர்களைச்
உவர்கள்+pron+2pl+dem+med+acc+sandhit	உவர்களைத்
உவர்கள்+pron+2pl+dem+med+acc+sandhik	உவர்களைக்
உவர்கள்+pron+2pl+dem+med+soc+add	உவர்களொடும்
உவர்கள்+pron+2pl+dem+med+soc+add	உவர்களோடும்
உவை+pron+dem+med+2pl+abl+add	உவைகளிலிருந்தும்
உவை+pron+dem+med+2pl+loc+add	உவைகளிலும்
உவை+pron+dem+med+2pl+loc+foc=ஏயே	உவைகளிலேயே
உவை+pron+dem+med+2pl+loc+add	உவைகளிடமும்
உவை+pron+dem+med+2pl+abl+add	உவைகளினும்
உவை+pron+dem+med+2pl+gen+add	உவைகளதும்
உவை+pron+dem+med+2pl+dat+add	உவைகளுக்கும்
உவை+pron+dem+med+2pl+soc+add	உவைகளோடும்
உவை+pron+dem+med+2pl+inst+add	உவைகளாலும்
உவை+pron+dem+med+2pl+acc+add	உவைகளையும்
உவை+pron+dem+med+2pl+acc+sandhip	உவைகளைப்
உவை+pron+dem+med+2pl+acc+sandhic	உவைகளைச்
உவை+pron+dem+med+2pl+acc+sandhit	உவைகளைத்
உவை+pron+dem+med+2pl+acc+sandhik	உவைகளைக்
அது+pron+dem+dist+pl+3sgn+gen+add	அதனும்
அது+pron+dem+dist+3sgn+loc+add	அதனிடமும்
அது+pron+dem+dist+3sgn+gen+add	அதனதும்
அது+pron+dem+dist+3sgn+soc+add	அதனொடும்
அது+pron+dem+dist+3sgn+dat+add	அதுக்கும்
அது+pron+dem+dist+pl+3sgn+gen+add	அதுகளதும்
அது+pron+dem+dist+pl+3sgn+dat+add	அதுகளுக்கும்
அது+pron+dem+dist+pl+3sgn+loc+add	அதுகளிலும்
அது+pron+dem+dist+pl+3sgn+loc+foc=ஏயே	அதுகளிலேயே
அது+pron+dem+dist+pl+3sgn+abl+add	அதுகளிலிருந்தும்
அது+pron+dem+dist+pl+3sgn+loc+add	அதுகளிடமும்
அது+pron+dem+dist+pl+3sgn+abl+add	அதுகளினும்
அது+pron+dem+dist+pl+3sgn+soc+add	அதுகளோடும்
அது+pron+dem+dist+pl+3sgn+inst+add	அதுகளாலும்
அது+pron+dem+dist+pl+3sgn+acc+add	அதுகளையும்
அது+pron+dem+dist+pl+3sgn+acc+sandhip	அதுகளைப்
அது+pron+dem+dist+pl+3sgn+acc+sandhic	அதுகளைச்
அது+pron+dem+dist+pl+3sgn+acc+sandhit	அதுகளைத்
அது+pron+dem+dist+pl+3sgn+acc+sandhik	அதுகளைக்
அது+pron+dem+dist+3sgn+loc+add	அதிலும்
அது+pron+dem+dist+3sgn+loc+foc=ஏயே	அதிலேயே
அது+pron+dem+dist+3sgn+abl+add	அதிலிருந்தும்
அது+pron+dem+dist+3sgn+abl+add	அதினும்
அது+pron+dem+dist+3sgn+inst+add	அதாலும்
அது+pron+dem+dist+3sgn+acc+add	அதையும்
அவன்+pron+dem+dist+3sgm+dem+abl+add	அவனினும்
அவன்+pron+dem+dist+3sgm+dem+loc+add	அவனிடமும்
அவன்+pron+dem+dist+3sgm+dem+abl+add	அவனிலிருந்தும்
அவன்+pron+dem+dist+3sgm+dem+loc+add	அவனிலும்
அவன்+pron+dem+dist+3sgm+dem+loc+foc=ஏயே	அவனிலேயே
அவன்+pron+dem+dist+3sgm+dem+gen+add	அவனதும்
அவன்+pron+dem+dist+3sgm+dem+soc+add	அவனொடும்
அவன்+pron+dem+dist+3sgm+dem+dat+add	அவனுக்கும்
அவன்+pron+dem+dist+3sgm+dem+soc+add	அவனோடும்
அவன்+pron+dem+dist+3sgm+dem+inst+add	அவனாலும்
அவன்+pron+dem+dist+3sgm+dem+acc+add	அவனையும்
அவன்+pron+dem+dist+3sgm+dem+acc+sandhip	அவனைப்
அவன்+pron+dem+dist+3sgm+dem+acc+sandhic	அவனைச்
அவன்+pron+dem+dist+3sgm+dem+acc+sandhit	அவனைத்
அவன்+pron+dem+dist+3sgm+dem+acc+sandhik	அவனைக்
அவள்+pron+dem+dist+3sgf+dem+abl+add	அவளினும்
அவள்+pron+dem+dist+3sgf+dem+loc+add	அவளிடமும்
அவள்+pron+dem+dist+3sgf+dem+abl+add	அவளிலிருந்தும்
அவள்+pron+dem+dist+3sgf+dem+loc+add	அவளிலும்
அவள்+pron+dem+dist+3sgf+dem+loc+foc=ஏயே	அவளிலேயே
அவள்+pron+dem+dist+3sgf+dem+gen+add	அவளதும்
அவள்+pron+dem+dist+3sgf+dem+soc+add	அவளொடும்
அவள்+pron+dem+dist+3sgf+dem+dat+add	அவளுக்கும்
அவள்+pron+dem+dist+3sgf+dem+soc+add	அவளோடும்
அவள்+pron+dem+dist+3sgf+dem+inst+add	அவளாலும்
அவள்+pron+dem+dist+3sgf+dem+acc+add	அவளையும்
அவள்+pron+dem+dist+3sgf+dem+acc+sandhip	அவளைப்
அவள்+pron+dem+dist+3sgf+dem+acc+sandhic	அவளைச்
அவள்+pron+dem+dist+3sgf+dem+acc+sandhit	அவளைத்
அவள்+pron+dem+dist+3sgf+dem+acc+sandhik	அவளைக்
அவர்+pron+dem+dist+3sgh+dem+abl+add	அவரினும்
அவர்+pron+dem+dist+3sgh+dem+loc+add	அவரிடமும்
அவர்+pron+dem+dist+3sgh+dem+abl+add	அவரிலிருந்தும்
அவர்+pron+dem+dist+3sgh+dem+loc+add	அவரிலும்
அவர்+pron+dem+dist+3sgh+dem+loc+foc=ஏயே	அவரிலேயே
அவர்+pron+dem+dist+3sgh+dem+gen+add	அவரதும்
அவர்+pron+dem+dist+3sgh+dem+soc+add	அவரொடும்
அவர்+pron+dem+dist+3sgh+dem+dat+add	அவருக்கும்
அவர்+pron+dem+dist+3sgh+dem+soc+add	அவரோடும்
அவர்+pron+dem+dist+3sgh+dem+inst+add	அவராலும்
அவர்+pron+dem+dist+3sgh+dem+acc+add	அவரையும்
அவர்+pron+dem+dist+3sgh+dem+acc+sandhip	அவரைப்
அவர்+pron+dem+dist+3sgh+dem+acc+sandhic	அவரைச்
அவர்+pron+dem+dist+3sgh+dem+acc+sandhit	அவரைத்
அவர்+pron+dem+dist+3sgh+dem+acc+sandhik	அவரைக்
அவர்கள்+pron+3sgh+dem+dist+gen+add	அவர்களதும்
அவர்கள்+pron+3sgh+dem+dist+dat+add	அவர்களுக்கும்
அவர்கள்+pron+3sgh+dem+dist+loc+add	அவர்களிலும்
அவர்கள்+pron+3sgh+dem+dist+loc+foc=ஏயே	அவர்களிலேயே
அவர்கள்+pron+3sgh+dem+dist+abl+add	அவர்களிலிருந்தும்
அவர்கள்+pron+3sgh+dem+dist+loc+add	அவர்களிடமும்
அவர்கள்+pron+3sgh+dem+dist+abl+add	அவர்களினும்
அவர்கள்+pron+3sgh+dem+dist+soc+add	அவர்களோடும்
அவர்கள்+pron+3sgh+dem+dist+inst+add	அவர்களாலும்
அவர்கள்+pron+3sgh+dem+dist+acc+add	அவர்களையும்
அவர்கள்+pron+3sgh+dem+dist+acc+sandhip	அவர்களைப்
அவர்கள்+pron+3sgh+dem+dist+acc+sandhic	அவர்களைச்
அவர்கள்+pron+3sgh+dem+dist+acc+sandhit	அவர்களைத்
அவர்கள்+pron+3sgh+dem+dist+acc+sandhik	அவர்களைக்
அவர்கள்+pron+3sgh+dem+dist+soc+add	அவர்களொடும்
அவர்கள்+pron+3pl+dem+dist+dat+add	அவர்களுக்கும்
அவர்கள்+pron+3pl+dem+dist+gen+add	அவர்களதும்
அவர்கள்+pron+3pl+dem+dist+loc+add	அவர்களிலும்
அவர்கள்+pron+3pl+dem+dist+loc+foc=ஏயே	அவர்களிலேயே
அவர்கள்+pron+3pl+dem+dist+abl+add	அவர்களிலிருந்தும்
அவர்கள்+pron+3pl+dem+dist+abl+add	அவர்களினும்
அவர்கள்+pron+3pl+dem+dist+loc+add	அவர்களிடமும்
அவர்கள்+pron+3pl+dem+dist+inst+add	அவர்களாலும்
அவர்கள்+pron+3pl+dem+dist+acc+add	அவர்களையும்
அவர்கள்+pron+3pl+dem+dist+acc+sandhip	அவர்களைப்
அவர்கள்+pron+3pl+dem+dist+acc+sandhic	அவர்களைச்
அவர்கள்+pron+3pl+dem+dist+acc+sandhit	அவர்களைத்
அவர்கள்+pron+3pl+dem+dist+acc+sandhik	அவர்களைக்
அவர்கள்+pron+3pl+dem+dist+soc+add	அவர்களொடும்
அவர்கள்+pron+3pl+dem+dist+soc+add	அவர்களோடும்
அவை+pron+dem+dist+3pl+dat+add	அவைக்கும்
அவை+pron+dem+dist+3pl+gen+add	அவைகளதும்
அவை+pron+dem+dist+3pl+dat+add	அவைகளுக்கும்
அவை+pron+dem+dist+3pl+soc+add	அவைகளுடனும்
அவை+pron+dem+dist+3pl+loc+add	அவைகளிலும்
அவை+pron+dem+dist+3pl+loc+foc=ஏயே	அவைகளிலேயே
அவை+pron+dem+dist+3pl+abl+add	அவைகளிலிருந்தும்
அவை+pron+dem+dist+3pl+loc+add	அவைகளிடமும்
அவை+pron+dem+dist+3pl+abl+add	அவைகளினும்
அவை+pron+dem+dist+3pl+soc+add	அவைகளோடும்
அவை+pron+dem+dist+3pl+inst+add	அவைகளாலும்
அவை+pron+dem+dist+3pl+acc+add	அவைகளையும்
அவை+pron+dem+dist+3pl+acc+sandhip	அவைகளைப்
அவை+pron+dem+dist+3pl+acc+sandhic	அவைகளைச்
அவை+pron+dem+dist+3pl+acc+sandhit	அவைகளைத்
அவை+pron+dem+dist+3pl+acc+sandhik	அவைகளைக்
அவை+pron+dem+dist+3pl+gen+add	அவையதும்
அவை+pron+dem+dist+3pl+loc+add	அவையிலும்
அவை+pron+dem+dist+3pl+loc+foc=ஏயே	அவையிலேயே
அவை+pron+dem+dist+3pl+abl+add	அவையிலிருந்தும்
அவை+pron+dem+dist+3pl+loc+add	அவையிடமும்
அவை+pron+dem+dist+3pl+abl+add	அவையினும்
அவை+pron+dem+dist+3pl+soc+add	அவையோடும்
அவை+pron+dem+dist+3pl+inst+add	அவையாலும்
அவை+pron+dem+dist+3pl+acc+add	அவையையும்
அவை+pron+dem+dist+3pl+acc+sandhip	அவையைப்
அவை+pron+dem+dist+3pl+acc+sandhic	அவையைச்
அவை+pron+dem+dist+3pl+acc+sandhit	அவையைத்
அவை+pron+dem+dist+3pl+acc+sandhik	அவையைக்
அவை+pron+dem+dist+3pl+dat+add	அவற்றுக்கும்
அவை+pron+dem+dist+3pl+soc+add	அவற்றுடனும்
அவை+pron+dem+dist+3pl+loc+add	அவற்றிலும்
அவை+pron+dem+dist+3pl+loc+foc=ஏயே	அவற்றிலேயே
அவை+pron+dem+dist+3pl+abl+add	அவற்றிலிருந்தும்
அவை+pron+dem+dist+3pl+loc+add	அவற்றிடமும்
அவை+pron+dem+dist+3pl+abl+add	அவற்றினும்
அவை+pron+dem+dist+3pl+inst+add	அவற்றாலும்
அவை+pron+dem+dist+pl+3sgn+acc+add	அவற்றையும்
எம்+pron+pssd+1pl+excl+soc+add	எம்முடனும்
எம்+pron+pssd+1pl+excl+soc+add	எம்மோடும்
எம்+pron+pssd+1pl+excl+loc+add	எம்மிலும்
எம்+pron+pssd+1pl+excl+loc+foc=ஏயே	எம்மிலேயே
எம்+pron+pssd+1pl+excl+loc+add	எம்மிடமும்
எம்+pron+pssd+1pl+excl+abl+add	எம்மினும்
எம்+pron+pssd+1pl+excl+abl+add	எம்மிலிருந்தும்
எம்+pron+pssd+1pl+excl+abl+add	எம்மிலும்
எம்+pron+pssd+1pl+excl+inst+add	எம்மாலும்
எம்+pron+pssd+1pl+excl+acc+add	எம்மையும்
எம்+pron+pssd+1pl+excl+acc+sandhip	எம்மைப்
எம்+pron+pssd+1pl+excl+acc+sandhic	எம்மைச்
எம்+pron+pssd+1pl+excl+acc+sandhit	எம்மைத்
எம்+pron+pssd+1pl+excl+acc+sandhik	எம்மைக்
எம்+pron+pssd+1pl+excl+gen+add	எமதும்
எம்+pron+pssd+1pl+excl+dat+add	எமக்கும்
என்+pron+pssd+1sg+gen+add	எனதும்
என்+pron+pssd+1sg+dat+add	எனக்கும்
என்+pron+pssd+1sg+soc+add	என்னுடனும்
என்+pron+pssd+1sg+gen+add	என்னதும்
என்+pron+pssd+1sg+loc+add	என்னிடமும்
என்+pron+pssd+1sg+loc+add	என்னிலும்
என்+pron+pssd+1sg+loc+foc=ஏயே	என்னிலேயே
என்+pron+pssd+1sg+abl+add	என்னிலிருந்தும்
என்+pron+pssd+1sg+abl+add	என்னிலும்
என்+pron+pssd+1sg+abl+add	என்னினும்
என்+pron+pssd+1sg+acc+add	என்னையும்
என்+pron+pssd+1sg+acc+sandhip	என்னைப்
என்+pron+pssd+1sg+acc+sandhic	என்னைச்
என்+pron+pssd+1sg+acc+sandhit	என்னைத்
என்+pron+pssd+1sg+acc+sandhik	என்னைக்
என்+pron+pssd+1sg+soc+add	என்னோடும்
எங்கள்+pron+pssd+1pl+excl+soc+add	எங்களுடனும்
எங்கள்+pron+pssd+1pl+excl+soc+add	எங்களோடும்
எங்கள்+pron+pssd+1pl+excl+dat+add	எங்களுக்கும்
எங்கள்+pron+pssd+1pl+excl+loc+add	எங்களிலும்
எங்கள்+pron+pssd+1pl+excl+loc+foc=ஏயே	எங்களிலேயே
எங்கள்+pron+pssd+1pl+excl+loc+add	எங்களிடமும்
எங்கள்+pron+pssd+1pl+excl+gen+add	எங்களதும்
எங்கள்+pron+pssd+1pl+excl+abl+add	எங்களினும்
எங்கள்+pron+pssd+1pl+excl+abl+add	எங்களிலிருந்தும்
எங்கள்+pron+pssd+1pl+excl+abl+add	எங்களிலும்
எங்கள்+pron+pssd+1pl+excl+inst+add	எங்களாலும்
எங்கள்+pron+pssd+1pl+excl+acc+add	எங்களையும்
எங்கள்+pron+pssd+1pl+excl+acc+sandhip	எங்களைப்
எங்கள்+pron+pssd+1pl+excl+acc+sandhic	எங்களைச்
எங்கள்+pron+pssd+1pl+excl+acc+sandhit	எங்களைத்
எங்கள்+pron+pssd+1pl+excl+acc+sandhik	எங்களைக்
தாம்+pron+3pl+refl+gen+add	தமும்
தாம்+pron+3pl+refl+loc+add	தம்மிலும்
தாம்+pron+3pl+refl+loc+foc=ஏயே	தம்மிலேயே
தாம்+pron+3pl+refl+abl+add	தம்மிலிருந்தும்
தாம்+pron+3pl+refl+loc+add	தம்மிடமும்
தாம்+pron+3pl+refl+abl+add	தம்மினும்
தாம்+pron+3pl+refl+soc+add	தம்மோடும்
தாம்+pron+3pl+refl+soc+add	தம்மொடும்
தாம்+pron+3pl+refl+inst+add	தம்மாலும்
தாம்+pron+3pl+refl+acc+add	தம்மையும்
தாம்+pron+3pl+refl+acc+sandhip	தம்மைப்
தாம்+pron+3pl+refl+acc+sandhic	தம்மைச்
தாம்+pron+3pl+refl+acc+sandhit	தம்மைத்
தாம்+pron+3pl+refl+acc+sandhik	தம்மைக்
தாம்+pron+3pl+refl+dat+add	தமக்கும்
தாம்+pron+3pl+refl+gen+add	தமதும்
தாங்கள்+pron+3pl+refl+dat+add	தங்களுக்கும்
தாங்கள்+pron+3pl+refl+gen+add	தங்களதும்
தாங்கள்+pron+3pl+refl+loc+add	தங்களிலும்
தாங்கள்+pron+3pl+refl+loc+foc=ஏயே	தங்களிலேயே
தாங்கள்+pron+3pl+refl+abl+add	தங்களிலிருந்தும்
தாங்கள்+pron+3pl+refl+loc+add	தங்களிடமும்
தாங்கள்+pron+3pl+refl+abl+add	தங்களினும்
தாங்கள்+pron+3pl+refl+soc+add	தங்களொடும்
தாங்கள்+pron+3pl+refl+soc+add	தங்களோடும்
தாங்கள்+pron+3pl+refl+inst+add	தங்களாலும்
தாங்கள்+pron+3pl+refl+acc+add	தங்களையும்
தாங்கள்+pron+3pl+refl+acc+sandhip	தங்களைப்
தாங்கள்+pron+3pl+refl+acc+sandhic	தங்களைச்
தாங்கள்+pron+3pl+refl+acc+sandhit	தங்களைத்
தாங்கள்+pron+3pl+refl+acc+sandhik	தங்களைக்
தன்+pron+3sg+refl+gen+add	தனதும்
தன்+pron+3sg+refl+dat+add	தனக்கும்
தன்+pron+3sg+refl+gen+add	தன்னதும்
தன்+pron+3sg+refl+loc+add	தன்னிலும்
தன்+pron+3sg+refl+loc+foc=ஏயே	தன்னிலேயே
தன்+pron+3sg+refl+abl+add	தன்னிலிருந்தும்
தன்+pron+3sg+refl+loc+add	தன்னிடமும்
தன்+pron+3sg+refl+abl+add	தன்னினும்
தன்+pron+3sg+refl+soc+add	தன்னோடும்
தன்+pron+3sg+refl+soc+add	தன்னொடும்
தன்+pron+3sg+refl+inst+add	தன்னாலும்
தன்+pron+3sg+refl+acc+add	தன்னையும்
தன்+pron+3sg+refl+acc+sandhip	தன்னைப்
தன்+pron+3sg+refl+acc+sandhic	தன்னைச்
தன்+pron+3sg+refl+acc+sandhit	தன்னைத்
தன்+pron+3sg+refl+acc+sandhik	தன்னைக்
நம்+pron+pssd+1pl+incl+gen+add	நம்மதும்
நம்+pron+pssd+1pl+incl+soc+add	நம்முடனும்
நம்+pron+pssd+1pl+incl+loc+add	நம்மிலும்
நம்+pron+pssd+1pl+incl+loc+foc=ஏயே	நம்மிலேயே
நம்+pron+pssd+1pl+incl+abl+add	நம்மிலும்
நம்+pron+pssd+1pl+incl+abl+add	நம்மிலிருந்தும்
நம்+pron+pssd+1pl+incl+loc+add	நம்மிடமும்
நம்+pron+pssd+1pl+incl+abl+add	நம்மினும்
நம்+pron+pssd+1pl+incl+soc+add	நம்மோடும்
நம்+pron+pssd+1pl+incl+inst+add	நம்மாலும்
நம்+pron+pssd+1pl+incl+acc+add	நம்மையும்
நம்+pron+pssd+1pl+incl+acc+sandhip	நம்மைப்
நம்+pron+pssd+1pl+incl+acc+sandhic	நம்மைச்
நம்+pron+pssd+1pl+incl+acc+sandhit	நம்மைத்
நம்+pron+pssd+1pl+incl+acc+sandhik	நம்மைக்
நம்+pron+pssd+1pl+incl+dat+add	நமக்கும்
நம்+pron+pssd+1pl+incl+gen+add	நமதும்
