பார்+verb+fin+complex+perfect+pres=∅+1pl=ஓம்+colloq	பாத்துள்ளோம்
பார்+verb+fin+complex+perfect+pres=∅+1pl=ஓம்+comp=என்று+colloq	பாத்துள்ளோம்னு
பார்+verb+fin+complex+perfect+pres=∅+1pl=ஓம்+foc=ஏ+colloq	பாத்துள்ளோமே
பார்+verb+fin+complex+perfect+pres=∅+1pl=ஓம்+ques=ஆ+colloq	பாத்துள்ளோமா
பார்+verb+fin+complex+perfect+pres=∅+1pl=ஓம்+ques=ஓ+colloq	பாத்துள்ளோமோ
பார்+verb+fin+complex+perfect+pres=∅+1pl=ஓம்+report=ஆம்+colloq	பாத்துள்ளோமாம்
பார்+verb+fin+complex+perfect+pres=∅+1sg=ஏன்+colloq	பாத்துள்ளேன்
பார்+verb+fin+complex+perfect+pres=∅+1sg=ஏன்+comp=என்று+colloq	பாத்துள்ளேன்னு
பார்+verb+fin+complex+perfect+pres=∅+1sg=ஏன்+foc=ஏ+colloq	பாத்துள்ளேனே
பார்+verb+fin+complex+perfect+pres=∅+1sg=ஏன்+ques=ஆ+colloq	பாத்துள்ளேனா
பார்+verb+fin+complex+perfect+pres=∅+1sg=ஏன்+ques=ஓ+colloq	பாத்துள்ளேனோ
பார்+verb+fin+complex+perfect+pres=∅+1sg=ஏன்+report=ஆம்+colloq	பாத்துள்ளேனாம்
பார்+verb+fin+complex+perfect+pres=∅+2pl=ஈர்கள்+colloq	பாத்துள்ளீங்கள
பார்+verb+fin+complex+perfect+pres=∅+2pl=ஈர்கள்+colloq	பாத்துள்ளீர்கள்
பார்+verb+fin+complex+perfect+pres=∅+2pl=ஈர்கள்+colloq+comp=என்று+colloq	பாத்துள்ளீங்களனு
பார்+verb+fin+complex+perfect+pres=∅+2pl=ஈர்கள்+colloq+foc=ஏ	பாத்துள்ளீங்களே
பார்+verb+fin+complex+perfect+pres=∅+2pl=ஈர்கள்+colloq+ques=ஆ	பாத்துள்ளீங்களா
பார்+verb+fin+complex+perfect+pres=∅+2pl=ஈர்கள்+colloq+ques=ஓ	பாத்துள்ளீங்களோ
பார்+verb+fin+complex+perfect+pres=∅+2pl=ஈர்கள்+colloq+report=ஆம்	பாத்துள்ளீங்களாம்
பார்+verb+fin+complex+perfect+pres=∅+2pl=ஈர்கள்+comp=என்று+colloq	பாத்துள்ளீர்கள்னு
பார்+verb+fin+complex+perfect+pres=∅+2pl=ஈர்கள்+foc=ஏ+colloq	பாத்துள்ளீர்களே
பார்+verb+fin+complex+perfect+pres=∅+2pl=ஈர்கள்+ques=ஆ+colloq	பாத்துள்ளீர்களா
பார்+verb+fin+complex+perfect+pres=∅+2pl=ஈர்கள்+ques=ஓ+colloq	பாத்துள்ளீர்களோ
பார்+verb+fin+complex+perfect+pres=∅+2pl=ஈர்கள்+report=ஆம்+colloq	பாத்துள்ளீர்களாம்
பார்+verb+fin+complex+perfect+pres=∅+2sg=ஆய்+colloq	பாத்துள்ளாய்
பார்+verb+fin+complex+perfect+pres=∅+2sg=ஆய்+colloq	பாத்துள்ளிய
பார்+verb+fin+complex+perfect+pres=∅+2sg=ஆய்+colloq+comp=என்று+colloq	பாத்துள்ளியனு
பார்+verb+fin+complex+perfect+pres=∅+2sg=ஆய்+colloq+foc=ஏ	பாத்துள்ளியே
பார்+verb+fin+complex+perfect+pres=∅+2sg=ஆய்+colloq+ques=ஆ	பாத்துள்ளியா
பார்+verb+fin+complex+perfect+pres=∅+2sg=ஆய்+colloq+ques=ஓ	பாத்துள்ளியோ
பார்+verb+fin+complex+perfect+pres=∅+2sg=ஆய்+colloq+report=ஆம்	பாத்துள்ளியாம்
பார்+verb+fin+complex+perfect+pres=∅+2sg=ஆய்+comp=என்று+colloq	பாத்துள்ளாய்னு
பார்+verb+fin+complex+perfect+pres=∅+2sg=ஆய்+foc=ஏ+colloq	பாத்துள்ளாயே
பார்+verb+fin+complex+perfect+pres=∅+2sg=ஆய்+ques=ஆ+colloq	பாத்துள்ளாயா
பார்+verb+fin+complex+perfect+pres=∅+2sg=ஆய்+ques=ஓ+colloq	பாத்துள்ளாயோ
பார்+verb+fin+complex+perfect+pres=∅+2sg=ஆய்+report=ஆம்+colloq	பாத்துள்ளாயாம்
பார்+verb+fin+complex+perfect+pres=∅+2sgh=ஈர்+colloq	பாத்துள்ளீர்
பார்+verb+fin+complex+perfect+pres=∅+2sgh=ஈர்+comp=என்று+colloq	பாத்துள்ளீர்னு
பார்+verb+fin+complex+perfect+pres=∅+2sgh=ஈர்+foc=ஏ+colloq	பாத்துள்ளீரே
பார்+verb+fin+complex+perfect+pres=∅+2sgh=ஈர்+ques=ஆ+colloq	பாத்துள்ளீரா
பார்+verb+fin+complex+perfect+pres=∅+2sgh=ஈர்+ques=ஓ+colloq	பாத்துள்ளீரோ
பார்+verb+fin+complex+perfect+pres=∅+2sgh=ஈர்+report=ஆம்+colloq	பாத்துள்ளீராம்
பார்+verb+fin+complex+perfect+pres=∅+3ple=ஆர்கள்+colloq	பாத்துள்ளார்கள்
பார்+verb+fin+complex+perfect+pres=∅+3ple=ஆர்கள்+comp=என்று+colloq	பாத்துள்ளார்கள்னு
பார்+verb+fin+complex+perfect+pres=∅+3ple=ஆர்கள்+foc=ஏ+colloq	பாத்துள்ளார்களே
பார்+verb+fin+complex+perfect+pres=∅+3ple=ஆர்கள்+ques=ஆ+colloq	பாத்துள்ளார்களா
பார்+verb+fin+complex+perfect+pres=∅+3ple=ஆர்கள்+ques=ஓ+colloq	பாத்துள்ளார்களோ
பார்+verb+fin+complex+perfect+pres=∅+3ple=ஆர்கள்+report=ஆம்+colloq	பாத்துள்ளார்களாம்
பார்+verb+fin+complex+perfect+pres=∅+3ple=னர்+colloq	பாத்துள்ளனர்
பார்+verb+fin+complex+perfect+pres=∅+3ple=னர்+comp=என்று+colloq	பாத்துள்ளனர்னு
பார்+verb+fin+complex+perfect+pres=∅+3ple=னர்+foc=ஏ+colloq	பாத்துள்ளனரே
பார்+verb+fin+complex+perfect+pres=∅+3ple=னர்+ques=ஆ+colloq	பாத்துள்ளனரா
பார்+verb+fin+complex+perfect+pres=∅+3ple=னர்+ques=ஓ+colloq	பாத்துள்ளனரோ
பார்+verb+fin+complex+perfect+pres=∅+3ple=னர்+report=ஆம்+colloq	பாத்துள்ளனராம்
பார்+verb+fin+complex+perfect+pres=∅+3pln=அன+colloq	பாத்துள்ளன
பார்+verb+fin+complex+perfect+pres=∅+3pln=அன+comp=என்று+colloq	பாத்துள்ளனனு
பார்+verb+fin+complex+perfect+pres=∅+3pln=அன+foc=ஏ+colloq	பாத்துள்ளனவே
பார்+verb+fin+complex+perfect+pres=∅+3pln=அன+ques=ஆ+colloq	பாத்துள்ளனவா
பார்+verb+fin+complex+perfect+pres=∅+3pln=அன+ques=ஓ+colloq	பாத்துள்ளனவோ
பார்+verb+fin+complex+perfect+pres=∅+3pln=அன+report=ஆம்+colloq	பாத்துள்ளனவாம்
பார்+verb+fin+complex+perfect+pres=∅+3sgf=ஆள்+colloq	பாத்துள்ளாள்
பார்+verb+fin+complex+perfect+pres=∅+3sgf=ஆள்+comp=என்று+colloq	பாத்துள்ளாள்னு
பார்+verb+fin+complex+perfect+pres=∅+3sgf=ஆள்+foc=ஏ+colloq	பாத்துள்ளாளே
பார்+verb+fin+complex+perfect+pres=∅+3sgf=ஆள்+ques=ஆ+colloq	பாத்துள்ளாளா
பார்+verb+fin+complex+perfect+pres=∅+3sgf=ஆள்+ques=ஓ+colloq	பாத்துள்ளாளோ
பார்+verb+fin+complex+perfect+pres=∅+3sgf=ஆள்+report=ஆம்+colloq	பாத்துள்ளாளாம்
பார்+verb+fin+complex+perfect+pres=∅+3sghe=ஆர்+colloq	பாத்துள்ளார்
பார்+verb+fin+complex+perfect+pres=∅+3sghe=ஆர்+comp=என்று+colloq	பாத்துள்ளார்னு
பார்+verb+fin+complex+perfect+pres=∅+3sghe=ஆர்+foc=ஏ+colloq	பாத்துள்ளாரே
பார்+verb+fin+complex+perfect+pres=∅+3sghe=ஆர்+ques=ஆ+colloq	பாத்துள்ளாரா
பார்+verb+fin+complex+perfect+pres=∅+3sghe=ஆர்+ques=ஓ+colloq	பாத்துள்ளாரோ
பார்+verb+fin+complex+perfect+pres=∅+3sghe=ஆர்+report=ஆம்+colloq	பாத்துள்ளாராம்
பார்+verb+fin+complex+perfect+pres=∅+3sgm=ஆன்+colloq	பாத்துள்ளான்
பார்+verb+fin+complex+perfect+pres=∅+3sgm=ஆன்+comp=என்று+colloq	பாத்துள்ளான்னு
பார்+verb+fin+complex+perfect+pres=∅+3sgm=ஆன்+foc=ஏ+colloq	பாத்துள்ளானே
பார்+verb+fin+complex+perfect+pres=∅+3sgm=ஆன்+ques=ஆ+colloq	பாத்துள்ளானா
பார்+verb+fin+complex+perfect+pres=∅+3sgm=ஆன்+ques=ஓ+colloq	பாத்துள்ளானோ
பார்+verb+fin+complex+perfect+pres=∅+3sgm=ஆன்+report=ஆம்+colloq	பாத்துள்ளானாம்
பார்+verb+fin+complex+perfect+pres=∅+3sgn=அது+colloq	பாத்துள்ளது
பார்+verb+fin+complex+perfect+pres=∅+3sgn=அது+comp=என்று+colloq	பாத்துள்ளதுனு
பார்+verb+fin+complex+perfect+pres=∅+3sgn=அது+foc=ஏ+colloq	பாத்துள்ளதே
பார்+verb+fin+complex+perfect+pres=∅+3sgn=அது+ques=ஆ+colloq	பாத்துள்ளதா
பார்+verb+fin+complex+perfect+pres=∅+3sgn=அது+ques=ஓ+colloq	பாத்துள்ளதோ
பார்+verb+fin+complex+perfect+pres=∅+3sgn=அது+report=ஆம்+colloq	பாத்துள்ளதாம்
பார்+verb+fin+sim+strong+past=த்+1pl=ஓம்+colloq	பாத்தோம்
பார்+verb+fin+sim+strong+past=த்+1pl=ஓம்+comp=என்று+colloq	பாத்தோம்னு
பார்+verb+fin+sim+strong+past=த்+1pl=ஓம்+foc=ஏ+colloq	பாத்தோமே
பார்+verb+fin+sim+strong+past=த்+1pl=ஓம்+ques=ஆ+colloq	பாத்தோமா
பார்+verb+fin+sim+strong+past=த்+1pl=ஓம்+ques=ஓ+colloq	பாத்தோமோ
பார்+verb+fin+sim+strong+past=த்+1pl=ஓம்+report=ஆம்+colloq	பாத்தோமாம்
பார்+verb+fin+sim+strong+past=த்+1sg=அன்+colloq	பாத்தன்
பார்+verb+fin+sim+strong+past=த்+1sg=அன்+comp=என்று+colloq	பாத்தன்னு
பார்+verb+fin+sim+strong+past=த்+1sg=அன்+foc=ஏ+colloq	பாத்தனே
பார்+verb+fin+sim+strong+past=த்+1sg=அன்+ques=ஆ+colloq	பாத்தனா
பார்+verb+fin+sim+strong+past=த்+1sg=அன்+ques=ஓ+colloq	பாத்தனோ
பார்+verb+fin+sim+strong+past=த்+1sg=அன்+report=ஆம்+colloq	பாத்தனாம்
பார்+verb+fin+sim+strong+past=த்+1sg=ஏன்+colloq	பாத்தேன்
பார்+verb+fin+sim+strong+past=த்+1sg=ஏன்+comp=என்று+colloq	பாத்தேன்னு
பார்+verb+fin+sim+strong+past=த்+1sg=ஏன்+foc=ஏ+colloq	பாத்தேனே
பார்+verb+fin+sim+strong+past=த்+1sg=ஏன்+ques=ஆ+colloq	பாத்தேனா
பார்+verb+fin+sim+strong+past=த்+1sg=ஏன்+ques=ஓ+colloq	பாத்தேனோ
பார்+verb+fin+sim+strong+past=த்+1sg=ஏன்+report=ஆம்+colloq	பாத்தேனாம்
பார்+verb+fin+sim+strong+past=த்+2pl=ஈர்கள்+colloq	பாத்தீங்க
பார்+verb+fin+sim+strong+past=த்+2pl=ஈர்கள்+colloq	பாத்தீங்கள
பார்+verb+fin+sim+strong+past=த்+2pl=ஈர்கள்+colloq	பாத்தீர்கள்
பார்+verb+fin+sim+strong+past=த்+2pl=ஈர்கள்+colloq+comp=என்று+colloq	பாத்தீங்கன்னு
பார்+verb+fin+sim+strong+past=த்+2pl=ஈர்கள்+colloq+comp=என்று+colloq	பாத்தீங்களனு
பார்+verb+fin+sim+strong+past=த்+2pl=ஈர்கள்+colloq+foc=ஏ	பாத்தீங்களே
பார்+verb+fin+sim+strong+past=த்+2pl=ஈர்கள்+colloq+ques=ஆ	பாத்தீங்களா
பார்+verb+fin+sim+strong+past=த்+2pl=ஈர்கள்+colloq+ques=ஓ	பாத்தீங்களோ
பார்+verb+fin+sim+strong+past=த்+2pl=ஈர்கள்+colloq+report=ஆம்	பாத்தீங்களாம்
பார்+verb+fin+sim+strong+past=த்+2pl=ஈர்கள்+comp=என்று+colloq	பாத்தீர்கள்னு
பார்+verb+fin+sim+strong+past=த்+2pl=ஈர்கள்+foc=ஏ+colloq	பாத்தீர்களே
பார்+verb+fin+sim+strong+past=த்+2pl=ஈர்கள்+ques=ஆ+colloq	பாத்தீர்களா
பார்+verb+fin+sim+strong+past=த்+2pl=ஈர்கள்+ques=ஓ+colloq	பாத்தீர்களோ
பார்+verb+fin+sim+strong+past=த்+2pl=ஈர்கள்+report=ஆம்+colloq	பாத்தீர்களாம்
பார்+verb+fin+sim+strong+past=த்+2sg=ஆய்+colloq	பாத்தாய்
பார்+verb+fin+sim+strong+past=த்+2sg=ஆய்+colloq	பாத்திய
பார்+verb+fin+sim+strong+past=த்+2sg=ஆய்+colloq+comp=என்று+colloq	பாத்தியனு
பார்+verb+fin+sim+strong+past=த்+2sg=ஆய்+colloq+foc=ஏ	பாத்தியே
பார்+verb+fin+sim+strong+past=த்+2sg=ஆய்+colloq+ques=ஆ	பாத்தியா
பார்+verb+fin+sim+strong+past=த்+2sg=ஆய்+colloq+ques=ஓ	பாத்தியோ
பார்+verb+fin+sim+strong+past=த்+2sg=ஆய்+colloq+report=ஆம்	பாத்தியாம்
பார்+verb+fin+sim+strong+past=த்+2sg=ஆய்+comp=என்று+colloq	பாத்தாய்னு
பார்+verb+fin+sim+strong+past=த்+2sg=ஆய்+foc=ஏ+colloq	பாத்தாயே
பார்+verb+fin+sim+strong+past=த்+2sg=ஆய்+ques=ஆ+colloq	பாத்தாயா
பார்+verb+fin+sim+strong+past=த்+2sg=ஆய்+ques=ஓ+colloq	பாத்தாயோ
பார்+verb+fin+sim+strong+past=த்+2sg=ஆய்+report=ஆம்+colloq	பாத்தாயாம்
பார்+verb+fin+sim+strong+past=த்+2sgh=ஈர்+colloq	பாத்தீர்
பார்+verb+fin+sim+strong+past=த்+2sgh=ஈர்+comp=என்று+colloq	பாத்தீர்னு
பார்+verb+fin+sim+strong+past=த்+2sgh=ஈர்+foc=ஏ+colloq	பாத்தீரே
பார்+verb+fin+sim+strong+past=த்+2sgh=ஈர்+ques=ஆ+colloq	பாத்தீரா
பார்+verb+fin+sim+strong+past=த்+2sgh=ஈர்+ques=ஓ+colloq	பாத்தீரோ
பார்+verb+fin+sim+strong+past=த்+2sgh=ஈர்+report=ஆம்+colloq	பாத்தீராம்
பார்+verb+fin+sim+strong+past=த்+3ple=ஆர்கள்+colloq	பாத்தாங்க
பார்+verb+fin+sim+strong+past=த்+3ple=ஆர்கள்+colloq	பாத்தார்கள்
பார்+verb+fin+sim+strong+past=த்+3ple=ஆர்கள்+colloq+comp=என்று+colloq	பாத்தாங்கன்னு
பார்+verb+fin+sim+strong+past=த்+3ple=ஆர்கள்+colloq+foc=ஏ	பாத்தாங்களே
பார்+verb+fin+sim+strong+past=த்+3ple=ஆர்கள்+colloq+ques=ஆ	பாத்தாங்களா
பார்+verb+fin+sim+strong+past=த்+3ple=ஆர்கள்+colloq+ques=ஓ	பாத்தாங்களோ
பார்+verb+fin+sim+strong+past=த்+3ple=ஆர்கள்+colloq+report=ஆம்	பாத்தாங்களாம்
பார்+verb+fin+sim+strong+past=த்+3ple=ஆர்கள்+comp=என்று+colloq	பாத்தார்கள்னு
பார்+verb+fin+sim+strong+past=த்+3ple=ஆர்கள்+foc=ஏ+colloq	பாத்தார்களே
பார்+verb+fin+sim+strong+past=த்+3ple=ஆர்கள்+ques=ஆ+colloq	பாத்தார்களா
பார்+verb+fin+sim+strong+past=த்+3ple=ஆர்கள்+ques=ஓ+colloq	பாத்தார்களோ
பார்+verb+fin+sim+strong+past=த்+3ple=ஆர்கள்+report=ஆம்+colloq	பாத்தார்களாம்
பார்+verb+fin+sim+strong+past=த்+3ple=னர்+colloq	பாத்தனர்
பார்+verb+fin+sim+strong+past=த்+3ple=னர்+comp=என்று+colloq	பாத்தனர்னு
பார்+verb+fin+sim+strong+past=த்+3ple=னர்+foc=ஏ+colloq	பாத்தனரே
பார்+verb+fin+sim+strong+past=த்+3ple=னர்+ques=ஆ+colloq	பாத்தனரா
பார்+verb+fin+sim+strong+past=த்+3ple=னர்+ques=ஓ+colloq	பாத்தனரோ
பார்+verb+fin+sim+strong+past=த்+3ple=னர்+report=ஆம்+colloq	பாத்தனராம்
பார்+verb+fin+sim+strong+past=த்+3pln=அன+colloq	பாத்தன
பார்+verb+fin+sim+strong+past=த்+3pln=அன+comp=என்று+colloq	பாத்தனனு
பார்+verb+fin+sim+strong+past=த்+3pln=அன+foc=ஏ+colloq	பாத்தனவே
பார்+verb+fin+sim+strong+past=த்+3pln=அன+ques=ஆ+colloq	பாத்தனவா
பார்+verb+fin+sim+strong+past=த்+3pln=அன+ques=ஓ+colloq	பாத்தனவோ
பார்+verb+fin+sim+strong+past=த்+3pln=அன+report=ஆம்+colloq	பாத்தனவாம்
பார்+verb+fin+sim+strong+past=த்+3sge=அர்+colloq	பாத்தர்
பார்+verb+fin+sim+strong+past=த்+3sge=அர்+comp=என்று+colloq	பாத்தர்னு
பார்+verb+fin+sim+strong+past=த்+3sge=அர்+foc=ஏ+colloq	பாத்தரே
பார்+verb+fin+sim+strong+past=த்+3sge=அர்+ques=ஆ+colloq	பாத்தரா
பார்+verb+fin+sim+strong+past=த்+3sge=அர்+ques=ஓ+colloq	பாத்தரோ
பார்+verb+fin+sim+strong+past=த்+3sge=அர்+report=ஆம்+colloq	பாத்தராம்
பார்+verb+fin+sim+strong+past=த்+3sgf=ஆள்+colloq	பாத்தாள்
பார்+verb+fin+sim+strong+past=த்+3sgf=ஆள்+comp=என்று+colloq	பாத்தாள்னு
பார்+verb+fin+sim+strong+past=த்+3sgf=ஆள்+foc=ஏ+colloq	பாத்தாளே
பார்+verb+fin+sim+strong+past=த்+3sgf=ஆள்+ques=ஆ+colloq	பாத்தாளா
பார்+verb+fin+sim+strong+past=த்+3sgf=ஆள்+ques=ஓ+colloq	பாத்தாளோ
பார்+verb+fin+sim+strong+past=த்+3sgf=ஆள்+report=ஆம்+colloq	பாத்தாளாம்
பார்+verb+fin+sim+strong+past=த்+3sghe=ஆர்+colloq	பாத்தார்
பார்+verb+fin+sim+strong+past=த்+3sghe=ஆர்+comp=என்று+colloq	பாத்தார்னு
பார்+verb+fin+sim+strong+past=த்+3sghe=ஆர்+foc=ஏ+colloq	பாத்தாரே
பார்+verb+fin+sim+strong+past=த்+3sghe=ஆர்+ques=ஆ+colloq	பாத்தாரா
பார்+verb+fin+sim+strong+past=த்+3sghe=ஆர்+ques=ஓ+colloq	பாத்தாரோ
பார்+verb+fin+sim+strong+past=த்+3sghe=ஆர்+report=ஆம்+colloq	பாத்தாராம்
பார்+verb+fin+sim+strong+past=த்+3sghe=ஆர்கள்+colloq	பாத்தார்கள்
பார்+verb+fin+sim+strong+past=த்+3sghe=ஆர்கள்+comp=என்று+colloq	பாத்தார்கள்னு
பார்+verb+fin+sim+strong+past=த்+3sghe=ஆர்கள்+foc=ஏ+colloq	பாத்தார்களே
பார்+verb+fin+sim+strong+past=த்+3sghe=ஆர்கள்+ques=ஆ+colloq	பாத்தார்களா
பார்+verb+fin+sim+strong+past=த்+3sghe=ஆர்கள்+ques=ஓ+colloq	பாத்தார்களோ
பார்+verb+fin+sim+strong+past=த்+3sghe=ஆர்கள்+report=ஆம்+colloq	பாத்தார்களாம்
பார்+verb+fin+sim+strong+past=த்+3sgm=ஆன்+colloq	பாத்தான்
பார்+verb+fin+sim+strong+past=த்+3sgm=ஆன்+comp=என்று+colloq	பாத்தான்னு
பார்+verb+fin+sim+strong+past=த்+3sgm=ஆன்+foc=ஏ+colloq	பாத்தானே
பார்+verb+fin+sim+strong+past=த்+3sgm=ஆன்+ques=ஆ+colloq	பாத்தானா
பார்+verb+fin+sim+strong+past=த்+3sgm=ஆன்+ques=ஓ+colloq	பாத்தானோ
பார்+verb+fin+sim+strong+past=த்+3sgm=ஆன்+report=ஆம்+colloq	பாத்தானாம்
பார்+verb+fin+sim+strong+past=த்+3sgn=அது+add=உம்+colloq	பாத்ததும்
பார்+verb+fin+sim+strong+past=த்+3sgn=அது+add=உம்+comp=என்று+colloq	பாத்ததும்னு
பார்+verb+fin+sim+strong+past=த்+3sgn=அது+add=உம்+foc=ஏ+colloq	பாத்ததுமே
பார்+verb+fin+sim+strong+past=த்+3sgn=அது+add=உம்+ques=ஆ+colloq	பாத்ததுமா
பார்+verb+fin+sim+strong+past=த்+3sgn=அது+add=உம்+ques=ஓ+colloq	பாத்ததுமோ
பார்+verb+fin+sim+strong+past=த்+3sgn=அது+add=உம்+report=ஆம்+colloq	பாத்ததுமாம்
பார்+verb+fin+sim+strong+past=த்+3sgn=அது+colloq	பாத்தது
பார்+verb+fin+sim+strong+past=த்+3sgn=அது+colloq	பாத்துச்சு
பார்+verb+fin+sim+strong+past=த்+3sgn=அது+colloq+comp=என்று+colloq	பாத்துச்சுனு
பார்+verb+fin+sim+strong+past=த்+3sgn=அது+colloq+foc=ஏ	பாத்துச்சே
பார்+verb+fin+sim+strong+past=த்+3sgn=அது+colloq+ques=ஆ	பாத்துச்சா
பார்+verb+fin+sim+strong+past=த்+3sgn=அது+colloq+ques=ஓ	பாத்துச்சோ
பார்+verb+fin+sim+strong+past=த்+3sgn=அது+colloq+report=ஆம்	பாத்துச்சாம்
பார்+verb+fin+sim+strong+past=த்+3sgn=அது+comp=என்று+colloq	பாத்ததுனு
பார்+verb+fin+sim+strong+past=த்+3sgn=அது+foc=ஏ+colloq	பாத்ததே
பார்+verb+fin+sim+strong+past=த்+3sgn=அது+ques=ஆ+colloq	பாத்ததா
பார்+verb+fin+sim+strong+past=த்+3sgn=அது+ques=ஓ+colloq	பாத்ததோ
பார்+verb+fin+sim+strong+past=த்+3sgn=அது+report=ஆம்+colloq	பாத்ததாம்
பார்+verb+fin+sim+strong+past=த்+euph=அன்+1sg=அன்+colloq	பாத்தனன்
பார்+verb+fin+sim+strong+past=த்+euph=அன்+1sg=அன்+comp=என்று+colloq	பாத்தனன்னு
பார்+verb+fin+sim+strong+past=த்+euph=அன்+1sg=அன்+foc=ஏ+colloq	பாத்தனனே
பார்+verb+fin+sim+strong+past=த்+euph=அன்+1sg=அன்+ques=ஆ+colloq	பாத்தனனா
பார்+verb+fin+sim+strong+past=த்+euph=அன்+1sg=அன்+ques=ஓ+colloq	பாத்தனனோ
பார்+verb+fin+sim+strong+past=த்+euph=அன்+1sg=அன்+report=ஆம்+colloq	பாத்தனனாம்
பார்+verb+fin+sim+strong+past=த்+euph=அன்+3sgf=அள்+colloq	பாத்தனள்
பார்+verb+fin+sim+strong+past=த்+euph=அன்+3sgf=அள்+comp=என்று+colloq	பாத்தனள்னு
பார்+verb+fin+sim+strong+past=த்+euph=அன்+3sgf=அள்+foc=ஏ+colloq	பாத்தனளே
பார்+verb+fin+sim+strong+past=த்+euph=அன்+3sgf=அள்+ques=ஆ+colloq	பாத்தனளா
பார்+verb+fin+sim+strong+past=த்+euph=அன்+3sgf=அள்+ques=ஓ+colloq	பாத்தனளோ
பார்+verb+fin+sim+strong+past=த்+euph=அன்+3sgf=அள்+report=ஆம்+colloq	பாத்தனளாம்
பார்+verb+fin+sim+strong+past=த்+euph=அன்+3sgm=அன்+colloq	பாத்தனன்
பார்+verb+fin+sim+strong+past=த்+euph=அன்+3sgm=அன்+comp=என்று+colloq	பாத்தனன்னு
பார்+verb+fin+sim+strong+past=த்+euph=அன்+3sgm=அன்+foc=ஏ+colloq	பாத்தனனே
பார்+verb+fin+sim+strong+past=த்+euph=அன்+3sgm=அன்+ques=ஆ+colloq	பாத்தனனா
பார்+verb+fin+sim+strong+past=த்+euph=அன்+3sgm=அன்+ques=ஓ+colloq	பாத்தனனோ
பார்+verb+fin+sim+strong+past=த்+euph=அன்+3sgm=அன்+report=ஆம்+colloq	பாத்தனனாம்
பார்+verb+nonfin+complex+perfect+aux=இரு+past=ந்த்+adjpart=அ+PartNoun=அவன்+human+3sgm+abl=இடமிருந்து+colloq	பாத்திருந்தவனிடமிருந்து
பார்+verb+nonfin+complex+perfect+aux=இரு+past=ந்த்+adjpart=அ+PartNoun=அவன்+human+3sgm+acc=ஐ+add=உம்+colloq	பாத்திருந்தவனையும்
பார்+verb+nonfin+complex+perfect+aux=இரு+past=ந்த்+adjpart=அ+PartNoun=அவன்+human+3sgm+acc=ஐ+colloq	பாத்திருந்தவனை
பார்+verb+nonfin+complex+perfect+aux=இரு+past=ந்த்+adjpart=அ+PartNoun=அவன்+human+3sgm+acc=ஐ+sandhic=ச்+colloq	பாத்திருந்தவனைச்
பார்+verb+nonfin+complex+perfect+aux=இரு+past=ந்த்+adjpart=அ+PartNoun=அவன்+human+3sgm+acc=ஐ+sandhik=க்+colloq	பாத்திருந்தவனைக்
பார்+verb+nonfin+complex+perfect+aux=இரு+past=ந்த்+adjpart=அ+PartNoun=அவன்+human+3sgm+acc=ஐ+sandhip=ப்+colloq	பாத்திருந்தவனைப்
பார்+verb+nonfin+complex+perfect+aux=இரு+past=ந்த்+adjpart=அ+PartNoun=அவன்+human+3sgm+acc=ஐ+sandhit=த்+colloq	பாத்திருந்தவனைத்
பார்+verb+nonfin+complex+perfect+aux=இரு+past=ந்த்+adjpart=அ+PartNoun=அவன்+human+3sgm+dat=க்கு+add=உம்+colloq	பாத்திருந்தவனுக்கும்
பார்+verb+nonfin+complex+perfect+aux=இரு+past=ந்த்+adjpart=அ+PartNoun=அவன்+human+3sgm+dat=க்கு+colloq	பாத்திருந்தவனுக்கு
பார்+verb+nonfin+complex+perfect+aux=இரு+past=ந்த்+adjpart=அ+PartNoun=அவன்+human+3sgm+dat=க்கு+sandhic=ச்+colloq	பாத்திருந்தவனுக்குச்
பார்+verb+nonfin+complex+perfect+aux=இரு+past=ந்த்+adjpart=அ+PartNoun=அவன்+human+3sgm+dat=க்கு+sandhik=க்+colloq	பாத்திருந்தவனுக்குக்
பார்+verb+nonfin+complex+perfect+aux=இரு+past=ந்த்+adjpart=அ+PartNoun=அவன்+human+3sgm+dat=க்கு+sandhip=ப்+colloq	பாத்திருந்தவனுக்குப்
பார்+verb+nonfin+complex+perfect+aux=இரு+past=ந்த்+adjpart=அ+PartNoun=அவன்+human+3sgm+dat=க்கு+sandhit=த்+colloq	பாத்திருந்தவனுக்குத்
பார்+verb+nonfin+complex+perfect+aux=இரு+past=ந்த்+adjpart=அ+PartNoun=அவன்+human+3sgm+gen=இன்+colloq	பாத்திருந்தவனின்
பார்+verb+nonfin+complex+perfect+aux=இரு+past=ந்த்+adjpart=அ+PartNoun=அவன்+human+3sgm+gen=உடைய+colloq	பாத்திருந்தவனுடைய
பார்+verb+nonfin+complex+perfect+aux=இரு+past=ந்த்+adjpart=அ+PartNoun=அவன்+human+3sgm+inst=ஆல்+add=உம்+colloq	பாத்திருந்தவனாலும்
பார்+verb+nonfin+complex+perfect+aux=இரு+past=ந்த்+adjpart=அ+PartNoun=அவன்+human+3sgm+inst=ஆல்+colloq	பாத்திருந்தவனால்
பார்+verb+nonfin+complex+perfect+aux=இரு+past=ந்த்+adjpart=அ+PartNoun=அவன்+human+3sgm+loc=இடம்+add=உம்+colloq	பாத்திருந்தவனிடமும்
பார்+verb+nonfin+complex+perfect+aux=இரு+past=ந்த்+adjpart=அ+PartNoun=அவன்+human+3sgm+loc=இடம்+colloq	பாத்திருந்தவனிடம்
பார்+verb+nonfin+complex+perfect+aux=இரு+past=ந்த்+adjpart=அ+PartNoun=அவன்+human+3sgm+nom+add=உம்+colloq	பாத்திருந்தவனும்
பார்+verb+nonfin+complex+perfect+aux=இரு+past=ந்த்+adjpart=அ+PartNoun=அவன்+human+3sgm+nom+colloq	பாத்திருந்தவன்
பார்+verb+nonfin+complex+perfect+aux=இரு+past=ந்த்+adjpart=அ+PartNoun=அவன்+human+3sgm+nom+foc=ஏ+colloq	பாத்திருந்தவனே
பார்+verb+nonfin+complex+perfect+aux=இரு+past=ந்த்+adjpart=அ+PartNoun=அவன்+human+3sgm+nom+foc=தான்+colloq	பாத்திருந்தவன்தான்
பார்+verb+nonfin+complex+perfect+aux=இரு+past=ந்த்+adjpart=அ+PartNoun=அவன்+human+3sgm+soc=உடன்+add=உம்+colloq	பாத்திருந்தவனுடனும்
பார்+verb+nonfin+complex+perfect+aux=இரு+past=ந்த்+adjpart=அ+PartNoun=அவன்+human+3sgm+soc=உடன்+colloq	பாத்திருந்தவனுடன்
பார்+verb+nonfin+complex+perfect+aux=இரு+past=ந்த்+adjpart=அ+PartNoun=அவன்+human+3sgm+voc=ஏ+colloq	பாத்திருந்தவனே
பார்+verb+nonfin+complex+perfect+aux=இரு+past=ந்த்+adjpart=அ+PartNoun=அவர்+human+acc+add+colloq	பாத்திருந்தவரையும்
பார்+verb+nonfin+complex+perfect+aux=இரு+past=ந்த்+adjpart=அ+PartNoun=அவர்+human+acc+colloq	பாத்திருந்தவரை
பார்+verb+nonfin+complex+perfect+aux=இரு+past=ந்த்+adjpart=அ+PartNoun=அவர்+human+dat+add+colloq	பாத்திருந்தவருக்கும்
பார்+verb+nonfin+complex+perfect+aux=இரு+past=ந்த்+adjpart=அ+PartNoun=அவர்+human+dat+colloq	பாத்திருந்தவருக்கு
பார்+verb+nonfin+complex+perfect+aux=இரு+past=ந்த்+adjpart=அ+PartNoun=அவர்+human+gen+colloq	பாத்திருந்தவரின்
பார்+verb+nonfin+complex+perfect+aux=இரு+past=ந்த்+adjpart=அ+PartNoun=அவர்+human+inst+add+colloq	பாத்திருந்தவராலும்
பார்+verb+nonfin+complex+perfect+aux=இரு+past=ந்த்+adjpart=அ+PartNoun=அவர்+human+inst+colloq	பாத்திருந்தவரால்
பார்+verb+nonfin+complex+perfect+aux=இரு+past=ந்த்+adjpart=அ+PartNoun=அவர்+human+loc+add+colloq	பாத்திருந்தவரிடமும்
பார்+verb+nonfin+complex+perfect+aux=இரு+past=ந்த்+adjpart=அ+PartNoun=அவர்+human+loc+colloq	பாத்திருந்தவரிடம்
பார்+verb+nonfin+complex+perfect+aux=இரு+past=ந்த்+adjpart=அ+PartNoun=அவர்+human+nom+add+colloq	பாத்திருந்தவரும்
பார்+verb+nonfin+complex+perfect+aux=இரு+past=ந்த்+adjpart=அ+PartNoun=அவர்+human+nom+colloq	பாத்திருந்தவர்
பார்+verb+nonfin+complex+perfect+aux=இரு+past=ந்த்+adjpart=அ+PartNoun=அவர்+human+nom+foc=ஏ+colloq	பாத்திருந்தவரே
பார்+verb+nonfin+complex+perfect+aux=இரு+past=ந்த்+adjpart=அ+PartNoun=அவர்+human+nom+foc=தான்+colloq	பாத்திருந்தவர்தான்
பார்+verb+nonfin+complex+perfect+aux=இரு+past=ந்த்+adjpart=அ+PartNoun=அவர்+human+pl+acc+add+colloq	பாத்திருந்தவர்களையும்
பார்+verb+nonfin+complex+perfect+aux=இரு+past=ந்த்+adjpart=அ+PartNoun=அவர்+human+pl+acc+colloq	பாத்திருந்தவர்களை
பார்+verb+nonfin+complex+perfect+aux=இரு+past=ந்த்+adjpart=அ+PartNoun=அவர்+human+pl+dat+add+colloq	பாத்திருந்தவர்களுக்கும்
பார்+verb+nonfin+complex+perfect+aux=இரு+past=ந்த்+adjpart=அ+PartNoun=அவர்+human+pl+dat+colloq	பாத்திருந்தவர்களுக்கு
பார்+verb+nonfin+complex+perfect+aux=இரு+past=ந்த்+adjpart=அ+PartNoun=அவர்+human+pl+gen+colloq	பாத்திருந்தவர்களின்
பார்+verb+nonfin+complex+perfect+aux=இரு+past=ந்த்+adjpart=அ+PartNoun=அவர்+human+pl+inst+add+colloq	பாத்திருந்தவர்களாலும்
பார்+verb+nonfin+complex+perfect+aux=இரு+past=ந்த்+adjpart=அ+PartNoun=அவர்+human+pl+inst+colloq	பாத்திருந்தவர்களால்
பார்+verb+nonfin+complex+perfect+aux=இரு+past=ந்த்+adjpart=அ+PartNoun=அவர்+human+pl+loc+add+colloq	பாத்திருந்தவர்களிடமும்
பார்+verb+nonfin+complex+perfect+aux=இரு+past=ந்த்+adjpart=அ+PartNoun=அவர்+human+pl+loc+colloq	பாத்திருந்தவர்களிடம்
பார்+verb+nonfin+complex+perfect+aux=இரு+past=ந்த்+adjpart=அ+PartNoun=அவர்+human+pl+nom+add+colloq	பாத்திருந்தவர்களும்
பார்+verb+nonfin+complex+perfect+aux=இரு+past=ந்த்+adjpart=அ+PartNoun=அவர்+human+pl+nom+colloq	பாத்திருந்தவர்கள்
பார்+verb+nonfin+complex+perfect+aux=இரு+past=ந்த்+adjpart=அ+PartNoun=அவர்+human+pl+soc+add+colloq	பாத்திருந்தவர்களுடனும்
பார்+verb+nonfin+complex+perfect+aux=இரு+past=ந்த்+adjpart=அ+PartNoun=அவர்+human+pl+soc+colloq	பாத்திருந்தவர்களுடன்
பார்+verb+nonfin+complex+perfect+aux=இரு+past=ந்த்+adjpart=அ+PartNoun=அவர்+human+soc+add+colloq	பாத்திருந்தவருடனும்
பார்+verb+nonfin+complex+perfect+aux=இரு+past=ந்த்+adjpart=அ+PartNoun=அவர்+human+soc+colloq	பாத்திருந்தவருடன்
பார்+verb+nonfin+complex+perfect+aux=இரு+past=ந்த்+adjpart=அ+PartNoun=அவள்+human+3sgf+abl=இடமிருந்து+colloq	பாத்திருந்தவளிடமிருந்து
பார்+verb+nonfin+complex+perfect+aux=இரு+past=ந்த்+adjpart=அ+PartNoun=அவள்+human+3sgf+acc=ஐ+add=உம்+colloq	பாத்திருந்தவளையும்
பார்+verb+nonfin+complex+perfect+aux=இரு+past=ந்த்+adjpart=அ+PartNoun=அவள்+human+3sgf+acc=ஐ+colloq	பாத்திருந்தவளை
பார்+verb+nonfin+complex+perfect+aux=இரு+past=ந்த்+adjpart=அ+PartNoun=அவள்+human+3sgf+acc=ஐ+sandhic=ச்+colloq	பாத்திருந்தவளைச்
பார்+verb+nonfin+complex+perfect+aux=இரு+past=ந்த்+adjpart=அ+PartNoun=அவள்+human+3sgf+acc=ஐ+sandhik=க்+colloq	பாத்திருந்தவளைக்
பார்+verb+nonfin+complex+perfect+aux=இரு+past=ந்த்+adjpart=அ+PartNoun=அவள்+human+3sgf+acc=ஐ+sandhip=ப்+colloq	பாத்திருந்தவளைப்
பார்+verb+nonfin+complex+perfect+aux=இரு+past=ந்த்+adjpart=அ+PartNoun=அவள்+human+3sgf+acc=ஐ+sandhit=த்+colloq	பாத்திருந்தவளைத்
பார்+verb+nonfin+complex+perfect+aux=இரு+past=ந்த்+adjpart=அ+PartNoun=அவள்+human+3sgf+dat=க்கு+add=உம்+colloq	பாத்திருந்தவளுக்கும்
பார்+verb+nonfin+complex+perfect+aux=இரு+past=ந்த்+adjpart=அ+PartNoun=அவள்+human+3sgf+dat=க்கு+colloq	பாத்திருந்தவளுக்கு
பார்+verb+nonfin+complex+perfect+aux=இரு+past=ந்த்+adjpart=அ+PartNoun=அவள்+human+3sgf+dat=க்கு+sandhic=ச்+colloq	பாத்திருந்தவளுக்குச்
பார்+verb+nonfin+complex+perfect+aux=இரு+past=ந்த்+adjpart=அ+PartNoun=அவள்+human+3sgf+dat=க்கு+sandhik=க்+colloq	பாத்திருந்தவளுக்குக்
பார்+verb+nonfin+complex+perfect+aux=இரு+past=ந்த்+adjpart=அ+PartNoun=அவள்+human+3sgf+dat=க்கு+sandhip=ப்+colloq	பாத்திருந்தவளுக்குப்
பார்+verb+nonfin+complex+perfect+aux=இரு+past=ந்த்+adjpart=அ+PartNoun=அவள்+human+3sgf+dat=க்கு+sandhit=த்+colloq	பாத்திருந்தவளுக்குத்
பார்+verb+nonfin+complex+perfect+aux=இரு+past=ந்த்+adjpart=அ+PartNoun=அவள்+human+3sgf+gen=இன்+colloq	பாத்திருந்தவளின்
பார்+verb+nonfin+complex+perfect+aux=இரு+past=ந்த்+adjpart=அ+PartNoun=அவள்+human+3sgf+gen=உடைய+colloq	பாத்திருந்தவளுடைய
பார்+verb+nonfin+complex+perfect+aux=இரு+past=ந்த்+adjpart=அ+PartNoun=அவள்+human+3sgf+inst=ஆல்+add=உம்+colloq	பாத்திருந்தவளாலும்
பார்+verb+nonfin+complex+perfect+aux=இரு+past=ந்த்+adjpart=அ+PartNoun=அவள்+human+3sgf+inst=ஆல்+colloq	பாத்திருந்தவளால்
பார்+verb+nonfin+complex+perfect+aux=இரு+past=ந்த்+adjpart=அ+PartNoun=அவள்+human+3sgf+loc=இடம்+add=உம்+colloq	பாத்திருந்தவளிடமும்
பார்+verb+nonfin+complex+perfect+aux=இரு+past=ந்த்+adjpart=அ+PartNoun=அவள்+human+3sgf+loc=இடம்+colloq	பாத்திருந்தவளிடம்
பார்+verb+nonfin+complex+perfect+aux=இரு+past=ந்த்+adjpart=அ+PartNoun=அவள்+human+3sgf+nom+add=உம்+colloq	பாத்திருந்தவளும்
பார்+verb+nonfin+complex+perfect+aux=இரு+past=ந்த்+adjpart=அ+PartNoun=அவள்+human+3sgf+nom+colloq	பாத்திருந்தவள்
பார்+verb+nonfin+complex+perfect+aux=இரு+past=ந்த்+adjpart=அ+PartNoun=அவள்+human+3sgf+nom+foc=ஏ+colloq	பாத்திருந்தவளே
பார்+verb+nonfin+complex+perfect+aux=இரு+past=ந்த்+adjpart=அ+PartNoun=அவள்+human+3sgf+nom+foc=தான்+colloq	பாத்திருந்தவள்தான்
பார்+verb+nonfin+complex+perfect+aux=இரு+past=ந்த்+adjpart=அ+PartNoun=அவள்+human+3sgf+soc=உடன்+add=உம்+colloq	பாத்திருந்தவளுடனும்
பார்+verb+nonfin+complex+perfect+aux=இரு+past=ந்த்+adjpart=அ+PartNoun=அவள்+human+3sgf+soc=உடன்+colloq	பாத்திருந்தவளுடன்
பார்+verb+nonfin+complex+perfect+aux=இரு+past=ந்த்+adjpart=அ+PartNoun=அவள்+human+3sgf+voc=ஏ+colloq	பாத்திருந்தவளே
பார்+verb+nonfin+complex+perfect+aux=இரு+past=ந்த்+adjpart=அ+colloq	பாத்திருந்த
பார்+verb+nonfin+complex+perfect+aux=இரு+past=ந்த்+adjpart=அ+psp_padi=படி+colloq	பாத்திருந்தபடி
பார்+verb+nonfin+complex+perfect+aux=இரு+past=ந்த்+adjpart=அ+vpart_pin=பின்+colloq	பாத்திருந்தபின்
பார்+verb+nonfin+complex+perfect+aux=இரு+past=ந்த்+adjpart=அ+vpart_potu=போது+colloq	பாத்திருந்தபோது
பார்+verb+nonfin+complex+perfect+pres=∅+adjpart=அ+PartNoun=அவன்+human+3sgm+abl=இடமிருந்து+colloq	பாத்துள்ளவனிடமிருந்து
பார்+verb+nonfin+complex+perfect+pres=∅+adjpart=அ+PartNoun=அவன்+human+3sgm+acc=ஐ+add=உம்+colloq	பாத்துள்ளவனையும்
பார்+verb+nonfin+complex+perfect+pres=∅+adjpart=அ+PartNoun=அவன்+human+3sgm+acc=ஐ+colloq	பாத்துள்ளவனை
பார்+verb+nonfin+complex+perfect+pres=∅+adjpart=அ+PartNoun=அவன்+human+3sgm+acc=ஐ+sandhic=ச்+colloq	பாத்துள்ளவனைச்
பார்+verb+nonfin+complex+perfect+pres=∅+adjpart=அ+PartNoun=அவன்+human+3sgm+acc=ஐ+sandhik=க்+colloq	பாத்துள்ளவனைக்
பார்+verb+nonfin+complex+perfect+pres=∅+adjpart=அ+PartNoun=அவன்+human+3sgm+acc=ஐ+sandhip=ப்+colloq	பாத்துள்ளவனைப்
பார்+verb+nonfin+complex+perfect+pres=∅+adjpart=அ+PartNoun=அவன்+human+3sgm+acc=ஐ+sandhit=த்+colloq	பாத்துள்ளவனைத்
பார்+verb+nonfin+complex+perfect+pres=∅+adjpart=அ+PartNoun=அவன்+human+3sgm+dat=க்கு+add=உம்+colloq	பாத்துள்ளவனுக்கும்
பார்+verb+nonfin+complex+perfect+pres=∅+adjpart=அ+PartNoun=அவன்+human+3sgm+dat=க்கு+colloq	பாத்துள்ளவனுக்கு
பார்+verb+nonfin+complex+perfect+pres=∅+adjpart=அ+PartNoun=அவன்+human+3sgm+dat=க்கு+sandhic=ச்+colloq	பாத்துள்ளவனுக்குச்
பார்+verb+nonfin+complex+perfect+pres=∅+adjpart=அ+PartNoun=அவன்+human+3sgm+dat=க்கு+sandhik=க்+colloq	பாத்துள்ளவனுக்குக்
பார்+verb+nonfin+complex+perfect+pres=∅+adjpart=அ+PartNoun=அவன்+human+3sgm+dat=க்கு+sandhip=ப்+colloq	பாத்துள்ளவனுக்குப்
பார்+verb+nonfin+complex+perfect+pres=∅+adjpart=அ+PartNoun=அவன்+human+3sgm+dat=க்கு+sandhit=த்+colloq	பாத்துள்ளவனுக்குத்
பார்+verb+nonfin+complex+perfect+pres=∅+adjpart=அ+PartNoun=அவன்+human+3sgm+gen=இன்+colloq	பாத்துள்ளவனின்
பார்+verb+nonfin+complex+perfect+pres=∅+adjpart=அ+PartNoun=அவன்+human+3sgm+gen=உடைய+colloq	பாத்துள்ளவனுடைய
பார்+verb+nonfin+complex+perfect+pres=∅+adjpart=அ+PartNoun=அவன்+human+3sgm+inst=ஆல்+add=உம்+colloq	பாத்துள்ளவனாலும்
பார்+verb+nonfin+complex+perfect+pres=∅+adjpart=அ+PartNoun=அவன்+human+3sgm+inst=ஆல்+colloq	பாத்துள்ளவனால்
பார்+verb+nonfin+complex+perfect+pres=∅+adjpart=அ+PartNoun=அவன்+human+3sgm+loc=இடம்+add=உம்+colloq	பாத்துள்ளவனிடமும்
பார்+verb+nonfin+complex+perfect+pres=∅+adjpart=அ+PartNoun=அவன்+human+3sgm+loc=இடம்+colloq	பாத்துள்ளவனிடம்
பார்+verb+nonfin+complex+perfect+pres=∅+adjpart=அ+PartNoun=அவன்+human+3sgm+nom+add=உம்+colloq	பாத்துள்ளவனும்
பார்+verb+nonfin+complex+perfect+pres=∅+adjpart=அ+PartNoun=அவன்+human+3sgm+nom+colloq	பாத்துள்ளவன்
பார்+verb+nonfin+complex+perfect+pres=∅+adjpart=அ+PartNoun=அவன்+human+3sgm+nom+foc=ஏ+colloq	பாத்துள்ளவனே
பார்+verb+nonfin+complex+perfect+pres=∅+adjpart=அ+PartNoun=அவன்+human+3sgm+nom+foc=தான்+colloq	பாத்துள்ளவன்தான்
பார்+verb+nonfin+complex+perfect+pres=∅+adjpart=அ+PartNoun=அவன்+human+3sgm+soc=உடன்+add=உம்+colloq	பாத்துள்ளவனுடனும்
பார்+verb+nonfin+complex+perfect+pres=∅+adjpart=அ+PartNoun=அவன்+human+3sgm+soc=உடன்+colloq	பாத்துள்ளவனுடன்
பார்+verb+nonfin+complex+perfect+pres=∅+adjpart=அ+PartNoun=அவன்+human+3sgm+voc=ஏ+colloq	பாத்துள்ளவனே
பார்+verb+nonfin+complex+perfect+pres=∅+adjpart=அ+PartNoun=அவர்+human+acc+add+colloq	பாத்துள்ளவரையும்
பார்+verb+nonfin+complex+perfect+pres=∅+adjpart=அ+PartNoun=அவர்+human+acc+colloq	பாத்துள்ளவரை
பார்+verb+nonfin+complex+perfect+pres=∅+adjpart=அ+PartNoun=அவர்+human+dat+add+colloq	பாத்துள்ளவருக்கும்
பார்+verb+nonfin+complex+perfect+pres=∅+adjpart=அ+PartNoun=அவர்+human+dat+colloq	பாத்துள்ளவருக்கு
பார்+verb+nonfin+complex+perfect+pres=∅+adjpart=அ+PartNoun=அவர்+human+gen+colloq	பாத்துள்ளவரின்
பார்+verb+nonfin+complex+perfect+pres=∅+adjpart=அ+PartNoun=அவர்+human+inst+add+colloq	பாத்துள்ளவராலும்
பார்+verb+nonfin+complex+perfect+pres=∅+adjpart=அ+PartNoun=அவர்+human+inst+colloq	பாத்துள்ளவரால்
பார்+verb+nonfin+complex+perfect+pres=∅+adjpart=அ+PartNoun=அவர்+human+loc+add+colloq	பாத்துள்ளவரிடமும்
பார்+verb+nonfin+complex+perfect+pres=∅+adjpart=அ+PartNoun=அவர்+human+loc+colloq	பாத்துள்ளவரிடம்
பார்+verb+nonfin+complex+perfect+pres=∅+adjpart=அ+PartNoun=அவர்+human+nom+add+colloq	பாத்துள்ளவரும்
பார்+verb+nonfin+complex+perfect+pres=∅+adjpart=அ+PartNoun=அவர்+human+nom+colloq	பாத்துள்ளவர்
பார்+verb+nonfin+complex+perfect+pres=∅+adjpart=அ+PartNoun=அவர்+human+nom+foc=ஏ+colloq	பாத்துள்ளவரே
பார்+verb+nonfin+complex+perfect+pres=∅+adjpart=அ+PartNoun=அவர்+human+nom+foc=தான்+colloq	பாத்துள்ளவர்தான்
பார்+verb+nonfin+complex+perfect+pres=∅+adjpart=அ+PartNoun=அவர்+human+pl+acc+add+colloq	பாத்துள்ளவர்களையும்
பார்+verb+nonfin+complex+perfect+pres=∅+adjpart=அ+PartNoun=அவர்+human+pl+acc+colloq	பாத்துள்ளவர்களை
பார்+verb+nonfin+complex+perfect+pres=∅+adjpart=அ+PartNoun=அவர்+human+pl+dat+add+colloq	பாத்துள்ளவர்களுக்கும்
பார்+verb+nonfin+complex+perfect+pres=∅+adjpart=அ+PartNoun=அவர்+human+pl+dat+colloq	பாத்துள்ளவர்களுக்கு
பார்+verb+nonfin+complex+perfect+pres=∅+adjpart=அ+PartNoun=அவர்+human+pl+gen+colloq	பாத்துள்ளவர்களின்
பார்+verb+nonfin+complex+perfect+pres=∅+adjpart=அ+PartNoun=அவர்+human+pl+inst+add+colloq	பாத்துள்ளவர்களாலும்
பார்+verb+nonfin+complex+perfect+pres=∅+adjpart=அ+PartNoun=அவர்+human+pl+inst+colloq	பாத்துள்ளவர்களால்
பார்+verb+nonfin+complex+perfect+pres=∅+adjpart=அ+PartNoun=அவர்+human+pl+loc+add+colloq	பாத்துள்ளவர்களிடமும்
பார்+verb+nonfin+complex+perfect+pres=∅+adjpart=அ+PartNoun=அவர்+human+pl+loc+colloq	பாத்துள்ளவர்களிடம்
பார்+verb+nonfin+complex+perfect+pres=∅+adjpart=அ+PartNoun=அவர்+human+pl+nom+add+colloq	பாத்துள்ளவர்களும்
பார்+verb+nonfin+complex+perfect+pres=∅+adjpart=அ+PartNoun=அவர்+human+pl+nom+colloq	பாத்துள்ளவர்கள்
பார்+verb+nonfin+complex+perfect+pres=∅+adjpart=அ+PartNoun=அவர்+human+pl+soc+add+colloq	பாத்துள்ளவர்களுடனும்
பார்+verb+nonfin+complex+perfect+pres=∅+adjpart=அ+PartNoun=அவர்+human+pl+soc+colloq	பாத்துள்ளவர்களுடன்
பார்+verb+nonfin+complex+perfect+pres=∅+adjpart=அ+PartNoun=அவர்+human+soc+add+colloq	பாத்துள்ளவருடனும்
பார்+verb+nonfin+complex+perfect+pres=∅+adjpart=அ+PartNoun=அவர்+human+soc+colloq	பாத்துள்ளவருடன்
பார்+verb+nonfin+complex+perfect+pres=∅+adjpart=அ+PartNoun=அவள்+human+3sgf+abl=இடமிருந்து+colloq	பாத்துள்ளவளிடமிருந்து
பார்+verb+nonfin+complex+perfect+pres=∅+adjpart=அ+PartNoun=அவள்+human+3sgf+acc=ஐ+add=உம்+colloq	பாத்துள்ளவளையும்
பார்+verb+nonfin+complex+perfect+pres=∅+adjpart=அ+PartNoun=அவள்+human+3sgf+acc=ஐ+colloq	பாத்துள்ளவளை
பார்+verb+nonfin+complex+perfect+pres=∅+adjpart=அ+PartNoun=அவள்+human+3sgf+acc=ஐ+sandhic=ச்+colloq	பாத்துள்ளவளைச்
பார்+verb+nonfin+complex+perfect+pres=∅+adjpart=அ+PartNoun=அவள்+human+3sgf+acc=ஐ+sandhik=க்+colloq	பாத்துள்ளவளைக்
பார்+verb+nonfin+complex+perfect+pres=∅+adjpart=அ+PartNoun=அவள்+human+3sgf+acc=ஐ+sandhip=ப்+colloq	பாத்துள்ளவளைப்
பார்+verb+nonfin+complex+perfect+pres=∅+adjpart=அ+PartNoun=அவள்+human+3sgf+acc=ஐ+sandhit=த்+colloq	பாத்துள்ளவளைத்
பார்+verb+nonfin+complex+perfect+pres=∅+adjpart=அ+PartNoun=அவள்+human+3sgf+dat=க்கு+add=உம்+colloq	பாத்துள்ளவளுக்கும்
பார்+verb+nonfin+complex+perfect+pres=∅+adjpart=அ+PartNoun=அவள்+human+3sgf+dat=க்கு+colloq	பாத்துள்ளவளுக்கு
பார்+verb+nonfin+complex+perfect+pres=∅+adjpart=அ+PartNoun=அவள்+human+3sgf+dat=க்கு+sandhic=ச்+colloq	பாத்துள்ளவளுக்குச்
பார்+verb+nonfin+complex+perfect+pres=∅+adjpart=அ+PartNoun=அவள்+human+3sgf+dat=க்கு+sandhik=க்+colloq	பாத்துள்ளவளுக்குக்
பார்+verb+nonfin+complex+perfect+pres=∅+adjpart=அ+PartNoun=அவள்+human+3sgf+dat=க்கு+sandhip=ப்+colloq	பாத்துள்ளவளுக்குப்
பார்+verb+nonfin+complex+perfect+pres=∅+adjpart=அ+PartNoun=அவள்+human+3sgf+dat=க்கு+sandhit=த்+colloq	பாத்துள்ளவளுக்குத்
பார்+verb+nonfin+complex+perfect+pres=∅+adjpart=அ+PartNoun=அவள்+human+3sgf+gen=இன்+colloq	பாத்துள்ளவளின்
பார்+verb+nonfin+complex+perfect+pres=∅+adjpart=அ+PartNoun=அவள்+human+3sgf+gen=உடைய+colloq	பாத்துள்ளவளுடைய
பார்+verb+nonfin+complex+perfect+pres=∅+adjpart=அ+PartNoun=அவள்+human+3sgf+inst=ஆல்+add=உம்+colloq	பாத்துள்ளவளாலும்
பார்+verb+nonfin+complex+perfect+pres=∅+adjpart=அ+PartNoun=அவள்+human+3sgf+inst=ஆல்+colloq	பாத்துள்ளவளால்
பார்+verb+nonfin+complex+perfect+pres=∅+adjpart=அ+PartNoun=அவள்+human+3sgf+loc=இடம்+add=உம்+colloq	பாத்துள்ளவளிடமும்
பார்+verb+nonfin+complex+perfect+pres=∅+adjpart=அ+PartNoun=அவள்+human+3sgf+loc=இடம்+colloq	பாத்துள்ளவளிடம்
பார்+verb+nonfin+complex+perfect+pres=∅+adjpart=அ+PartNoun=அவள்+human+3sgf+nom+add=உம்+colloq	பாத்துள்ளவளும்
பார்+verb+nonfin+complex+perfect+pres=∅+adjpart=அ+PartNoun=அவள்+human+3sgf+nom+colloq	பாத்துள்ளவள்
பார்+verb+nonfin+complex+perfect+pres=∅+adjpart=அ+PartNoun=அவள்+human+3sgf+nom+foc=ஏ+colloq	பாத்துள்ளவளே
பார்+verb+nonfin+complex+perfect+pres=∅+adjpart=அ+PartNoun=அவள்+human+3sgf+nom+foc=தான்+colloq	பாத்துள்ளவள்தான்
பார்+verb+nonfin+complex+perfect+pres=∅+adjpart=அ+PartNoun=அவள்+human+3sgf+soc=உடன்+add=உம்+colloq	பாத்துள்ளவளுடனும்
பார்+verb+nonfin+complex+perfect+pres=∅+adjpart=அ+PartNoun=அவள்+human+3sgf+soc=உடன்+colloq	பாத்துள்ளவளுடன்
பார்+verb+nonfin+complex+perfect+pres=∅+adjpart=அ+PartNoun=அவள்+human+3sgf+voc=ஏ+colloq	பாத்துள்ளவளே
பார்+verb+nonfin+complex+perfect+pres=∅+adjpart=அ+colloq	பாத்துள்ள
பார்+verb+nonfin+complex+perfect+pres=∅+adjpart=அ+psp_padi=படி+colloq	பாத்துள்ளபடி
பார்+verb+nonfin+complex+perfect+pres=∅+adjpart=அ+vpart_pin=பின்+colloq	பாத்துள்ளபின்
பார்+verb+nonfin+complex+perfect+pres=∅+adjpart=அ+vpart_potu=போது+colloq	பாத்துள்ளபோது
பார்+verb+nonfin+complex+perfect+pres=∅+verbalnoun=அது+abl=இலிருந்து+add=உம்+colloq	பாத்துள்ளதிலிருந்தும்
பார்+verb+nonfin+complex+perfect+pres=∅+verbalnoun=அது+abl=இலிருந்து+colloq	பாத்துள்ளதிலிருந்து
பார்+verb+nonfin+complex+perfect+pres=∅+verbalnoun=அது+acc=ஐ+add=உம்+colloq	பாத்துள்ளதையும்
பார்+verb+nonfin+complex+perfect+pres=∅+verbalnoun=அது+acc=ஐ+colloq	பாத்துள்ளதை
பார்+verb+nonfin+complex+perfect+pres=∅+verbalnoun=அது+acc=ஐ+sandhic=ச்+colloq	பாத்துள்ளதைச்
பார்+verb+nonfin+complex+perfect+pres=∅+verbalnoun=அது+acc=ஐ+sandhik=க்+colloq	பாத்துள்ளதைக்
பார்+verb+nonfin+complex+perfect+pres=∅+verbalnoun=அது+acc=ஐ+sandhip=ப்+colloq	பாத்துள்ளதைப்
பார்+verb+nonfin+complex+perfect+pres=∅+verbalnoun=அது+acc=ஐ+sandhit=த்+colloq	பாத்துள்ளதைத்
பார்+verb+nonfin+complex+perfect+pres=∅+verbalnoun=அது+colloq	பாத்துள்ளது
பார்+verb+nonfin+complex+perfect+pres=∅+verbalnoun=அது+comp=ஆவது+colloq	பாத்துள்ளதாவது
பார்+verb+nonfin+complex+perfect+pres=∅+verbalnoun=அது+dat=க்கு+add=உம்+colloq	பாத்துள்ளதற்கும்
பார்+verb+nonfin+complex+perfect+pres=∅+verbalnoun=அது+dat=க்கு+colloq	பாத்துள்ளதற்கு
பார்+verb+nonfin+complex+perfect+pres=∅+verbalnoun=அது+dat=க்கு+purpose+cop=ஆ+adjpart=ன+colloq	பாத்துள்ளதற்கான
பார்+verb+nonfin+complex+perfect+pres=∅+verbalnoun=அது+dat=க்கு+purpose=ஆக+add=உம்+colloq	பாத்துள்ளதற்காகவும்
பார்+verb+nonfin+complex+perfect+pres=∅+verbalnoun=அது+dat=க்கு+purpose=ஆக+colloq	பாத்துள்ளதற்காக
பார்+verb+nonfin+complex+perfect+pres=∅+verbalnoun=அது+dat=க்கு+purpose=ஆக+foc=ஏ+colloq	பாத்துள்ளதற்காகவே
பார்+verb+nonfin+complex+perfect+pres=∅+verbalnoun=அது+dat=க்கு+purpose=ஆக+sandhic=ச்+colloq	பாத்துள்ளதற்காகச்
பார்+verb+nonfin+complex+perfect+pres=∅+verbalnoun=அது+dat=க்கு+purpose=ஆக+sandhik=க்+colloq	பாத்துள்ளதற்காகக்
பார்+verb+nonfin+complex+perfect+pres=∅+verbalnoun=அது+dat=க்கு+purpose=ஆக+sandhip=ப்+colloq	பாத்துள்ளதற்காகப்
பார்+verb+nonfin+complex+perfect+pres=∅+verbalnoun=அது+dat=க்கு+purpose=ஆக+sandhit=த்+colloq	பாத்துள்ளதற்காகத்
பார்+verb+nonfin+complex+perfect+pres=∅+verbalnoun=அது+dat=க்கு+sandhic=ச்+colloq	பாத்துள்ளதற்குச்
பார்+verb+nonfin+complex+perfect+pres=∅+verbalnoun=அது+dat=க்கு+sandhik=க்+colloq	பாத்துள்ளதற்குக்
பார்+verb+nonfin+complex+perfect+pres=∅+verbalnoun=அது+dat=க்கு+sandhip=ப்+colloq	பாத்துள்ளதற்குப்
பார்+verb+nonfin+complex+perfect+pres=∅+verbalnoun=அது+dat=க்கு+sandhit=த்+colloq	பாத்துள்ளதற்குத்
பார்+verb+nonfin+complex+perfect+pres=∅+verbalnoun=அது+gen=இன்+colloq	பாத்துள்ளதன்
பார்+verb+nonfin+complex+perfect+pres=∅+verbalnoun=அது+inst=ஆல்+add=உம்+colloq	பாத்துள்ளதாலும்
பார்+verb+nonfin+complex+perfect+pres=∅+verbalnoun=அது+inst=ஆல்+colloq	பாத்துள்ளதால்
பார்+verb+nonfin+complex+perfect+pres=∅+verbalnoun=அது+loc=இல்+add=உம்+colloq	பாத்துள்ளதிலும்
பார்+verb+nonfin+complex+perfect+pres=∅+verbalnoun=அது+loc=இல்+colloq	பாத்துள்ளதில்
பார்+verb+nonfin+complex+perfect+pres=∅+verbalnoun=அது+loc=இல்+colloq	பாத்துள்ளதுல
பார்+verb+nonfin+complex+perfect+pres=∅+verbalnoun=அது+loc=இல்+foc=ஏயே+colloq	பாத்துள்ளதிலேயே
பார்+verb+nonfin+complex+perfect+pres=∅+verbalnoun=அது+soc=உடன்+add=உம்+colloq	பாத்துள்ளதுடனும்
பார்+verb+nonfin+complex+perfect+pres=∅+verbalnoun=அது+soc=உடன்+colloq	பாத்துள்ளதுடன்
பார்+verb+nonfin+complex+perfect+pres=∅+verbalnoun=அது+trans=ஆக+add=உம்+colloq	பாத்துள்ளதாகவும்
பார்+verb+nonfin+complex+perfect+pres=∅+verbalnoun=அது+trans=ஆக+colloq	பாத்துள்ளதா
பார்+verb+nonfin+complex+perfect+pres=∅+verbalnoun=அது+trans=ஆக+colloq	பாத்துள்ளதாக
பார்+verb+nonfin+complex+perfect+pres=∅+verbalnoun=அது+trans=ஆக+cop+fut+3sgn+colloq	பாத்துள்ளதாகும்
பார்+verb+nonfin+sim+con=ஆல்+add=உம்+colloq	பாத்தாலும்
பார்+verb+nonfin+sim+con=ஆல்+colloq	பாத்தா
பார்+verb+nonfin+sim+con=ஆல்+colloq	பாத்தால்
பார்+verb+nonfin+sim+con=ஆல்+foc=ஏ+colloq	பாத்தாலே
பார்+verb+nonfin+sim+con=ஆல்+foc=தான்+colloq	பாத்தால்தான்
பார்+verb+nonfin+sim+past=த்+adjpart=அ+PartNoun=அவன்+human+3sgm+abl=இடமிருந்து+colloq	பாத்தவனிடமிருந்து
பார்+verb+nonfin+sim+past=த்+adjpart=அ+PartNoun=அவன்+human+3sgm+acc=ஐ+add=உம்+colloq	பாத்தவனையும்
பார்+verb+nonfin+sim+past=த்+adjpart=அ+PartNoun=அவன்+human+3sgm+acc=ஐ+colloq	பாத்தவனை
பார்+verb+nonfin+sim+past=த்+adjpart=அ+PartNoun=அவன்+human+3sgm+acc=ஐ+sandhic=ச்+colloq	பாத்தவனைச்
பார்+verb+nonfin+sim+past=த்+adjpart=அ+PartNoun=அவன்+human+3sgm+acc=ஐ+sandhik=க்+colloq	பாத்தவனைக்
பார்+verb+nonfin+sim+past=த்+adjpart=அ+PartNoun=அவன்+human+3sgm+acc=ஐ+sandhip=ப்+colloq	பாத்தவனைப்
பார்+verb+nonfin+sim+past=த்+adjpart=அ+PartNoun=அவன்+human+3sgm+acc=ஐ+sandhit=த்+colloq	பாத்தவனைத்
பார்+verb+nonfin+sim+past=த்+adjpart=அ+PartNoun=அவன்+human+3sgm+dat=க்கு+add=உம்+colloq	பாத்தவனுக்கும்
பார்+verb+nonfin+sim+past=த்+adjpart=அ+PartNoun=அவன்+human+3sgm+dat=க்கு+colloq	பாத்தவனுக்கு
பார்+verb+nonfin+sim+past=த்+adjpart=அ+PartNoun=அவன்+human+3sgm+dat=க்கு+sandhic=ச்+colloq	பாத்தவனுக்குச்
பார்+verb+nonfin+sim+past=த்+adjpart=அ+PartNoun=அவன்+human+3sgm+dat=க்கு+sandhik=க்+colloq	பாத்தவனுக்குக்
பார்+verb+nonfin+sim+past=த்+adjpart=அ+PartNoun=அவன்+human+3sgm+dat=க்கு+sandhip=ப்+colloq	பாத்தவனுக்குப்
பார்+verb+nonfin+sim+past=த்+adjpart=அ+PartNoun=அவன்+human+3sgm+dat=க்கு+sandhit=த்+colloq	பாத்தவனுக்குத்
பார்+verb+nonfin+sim+past=த்+adjpart=அ+PartNoun=அவன்+human+3sgm+gen=இன்+colloq	பாத்தவனின்
பார்+verb+nonfin+sim+past=த்+adjpart=அ+PartNoun=அவன்+human+3sgm+gen=உடைய+colloq	பாத்தவனுடைய
பார்+verb+nonfin+sim+past=த்+adjpart=அ+PartNoun=அவன்+human+3sgm+inst=ஆல்+add=உம்+colloq	பாத்தவனாலும்
பார்+verb+nonfin+sim+past=த்+adjpart=அ+PartNoun=அவன்+human+3sgm+inst=ஆல்+colloq	பாத்தவனால்
பார்+verb+nonfin+sim+past=த்+adjpart=அ+PartNoun=அவன்+human+3sgm+loc=இடம்+add=உம்+colloq	பாத்தவனிடமும்
பார்+verb+nonfin+sim+past=த்+adjpart=அ+PartNoun=அவன்+human+3sgm+loc=இடம்+colloq	பாத்தவனிடம்
பார்+verb+nonfin+sim+past=த்+adjpart=அ+PartNoun=அவன்+human+3sgm+nom+add=உம்+colloq	பாத்தவனும்
பார்+verb+nonfin+sim+past=த்+adjpart=அ+PartNoun=அவன்+human+3sgm+nom+colloq	பாத்தவன்
பார்+verb+nonfin+sim+past=த்+adjpart=அ+PartNoun=அவன்+human+3sgm+nom+foc=ஏ+colloq	பாத்தவனே
பார்+verb+nonfin+sim+past=த்+adjpart=அ+PartNoun=அவன்+human+3sgm+nom+foc=தான்+colloq	பாத்தவன்தான்
பார்+verb+nonfin+sim+past=த்+adjpart=அ+PartNoun=அவன்+human+3sgm+soc=உடன்+add=உம்+colloq	பாத்தவனுடனும்
பார்+verb+nonfin+sim+past=த்+adjpart=அ+PartNoun=அவன்+human+3sgm+soc=உடன்+colloq	பாத்தவனுடன்
பார்+verb+nonfin+sim+past=த்+adjpart=அ+PartNoun=அவன்+human+3sgm+voc=ஏ+colloq	பாத்தவனே
பார்+verb+nonfin+sim+past=த்+adjpart=அ+PartNoun=அவர்+human+acc+add+colloq	பாத்தவரையும்
பார்+verb+nonfin+sim+past=த்+adjpart=அ+PartNoun=அவர்+human+acc+colloq	பாத்தவரை
பார்+verb+nonfin+sim+past=த்+adjpart=அ+PartNoun=அவர்+human+dat+add+colloq	பாத்தவருக்கும்
பார்+verb+nonfin+sim+past=த்+adjpart=அ+PartNoun=அவர்+human+dat+colloq	பாத்தவருக்கு
பார்+verb+nonfin+sim+past=த்+adjpart=அ+PartNoun=அவர்+human+gen+colloq	பாத்தவரின்
பார்+verb+nonfin+sim+past=த்+adjpart=அ+PartNoun=அவர்+human+inst+add+colloq	பாத்தவராலும்
பார்+verb+nonfin+sim+past=த்+adjpart=அ+PartNoun=அவர்+human+inst+colloq	பாத்தவரால்
பார்+verb+nonfin+sim+past=த்+adjpart=அ+PartNoun=அவர்+human+loc+add+colloq	பாத்தவரிடமும்
பார்+verb+nonfin+sim+past=த்+adjpart=அ+PartNoun=அவர்+human+loc+colloq	பாத்தவரிடம்
பார்+verb+nonfin+sim+past=த்+adjpart=அ+PartNoun=அவர்+human+nom+add+colloq	பாத்தவரும்
பார்+verb+nonfin+sim+past=த்+adjpart=அ+PartNoun=அவர்+human+nom+colloq	பாத்தவர்
பார்+verb+nonfin+sim+past=த்+adjpart=அ+PartNoun=அவர்+human+nom+foc=ஏ+colloq	பாத்தவரே
பார்+verb+nonfin+sim+past=த்+adjpart=அ+PartNoun=அவர்+human+nom+foc=தான்+colloq	பாத்தவர்தான்
பார்+verb+nonfin+sim+past=த்+adjpart=அ+PartNoun=அவர்+human+pl+acc+add+colloq	பாத்தவர்களையும்
பார்+verb+nonfin+sim+past=த்+adjpart=அ+PartNoun=அவர்+human+pl+acc+colloq	பாத்தவர்களை
பார்+verb+nonfin+sim+past=த்+adjpart=அ+PartNoun=அவர்+human+pl+dat+add+colloq	பாத்தவர்களுக்கும்
பார்+verb+nonfin+sim+past=த்+adjpart=அ+PartNoun=அவர்+human+pl+dat+colloq	பாத்தவர்களுக்கு
பார்+verb+nonfin+sim+past=த்+adjpart=அ+PartNoun=அவர்+human+pl+gen+colloq	பாத்தவர்களின்
பார்+verb+nonfin+sim+past=த்+adjpart=அ+PartNoun=அவர்+human+pl+inst+add+colloq	பாத்தவர்களாலும்
பார்+verb+nonfin+sim+past=த்+adjpart=அ+PartNoun=அவர்+human+pl+inst+colloq	பாத்தவர்களால்
பார்+verb+nonfin+sim+past=த்+adjpart=அ+PartNoun=அவர்+human+pl+loc+add+colloq	பாத்தவர்களிடமும்
பார்+verb+nonfin+sim+past=த்+adjpart=அ+PartNoun=அவர்+human+pl+loc+colloq	பாத்தவர்களிடம்
பார்+verb+nonfin+sim+past=த்+adjpart=அ+PartNoun=அவர்+human+pl+nom+add+colloq	பாத்தவர்களும்
பார்+verb+nonfin+sim+past=த்+adjpart=அ+PartNoun=அவர்+human+pl+nom+colloq	பாத்தவர்கள்
பார்+verb+nonfin+sim+past=த்+adjpart=அ+PartNoun=அவர்+human+pl+soc+add+colloq	பாத்தவர்களுடனும்
பார்+verb+nonfin+sim+past=த்+adjpart=அ+PartNoun=அவர்+human+pl+soc+colloq	பாத்தவர்களுடன்
பார்+verb+nonfin+sim+past=த்+adjpart=அ+PartNoun=அவர்+human+soc+add+colloq	பாத்தவருடனும்
பார்+verb+nonfin+sim+past=த்+adjpart=அ+PartNoun=அவர்+human+soc+colloq	பாத்தவருடன்
பார்+verb+nonfin+sim+past=த்+adjpart=அ+PartNoun=அவள்+human+3sgf+abl=இடமிருந்து+colloq	பாத்தவளிடமிருந்து
பார்+verb+nonfin+sim+past=த்+adjpart=அ+PartNoun=அவள்+human+3sgf+acc=ஐ+add=உம்+colloq	பாத்தவளையும்
பார்+verb+nonfin+sim+past=த்+adjpart=அ+PartNoun=அவள்+human+3sgf+acc=ஐ+colloq	பாத்தவளை
பார்+verb+nonfin+sim+past=த்+adjpart=அ+PartNoun=அவள்+human+3sgf+acc=ஐ+sandhic=ச்+colloq	பாத்தவளைச்
பார்+verb+nonfin+sim+past=த்+adjpart=அ+PartNoun=அவள்+human+3sgf+acc=ஐ+sandhik=க்+colloq	பாத்தவளைக்
பார்+verb+nonfin+sim+past=த்+adjpart=அ+PartNoun=அவள்+human+3sgf+acc=ஐ+sandhip=ப்+colloq	பாத்தவளைப்
பார்+verb+nonfin+sim+past=த்+adjpart=அ+PartNoun=அவள்+human+3sgf+acc=ஐ+sandhit=த்+colloq	பாத்தவளைத்
பார்+verb+nonfin+sim+past=த்+adjpart=அ+PartNoun=அவள்+human+3sgf+dat=க்கு+add=உம்+colloq	பாத்தவளுக்கும்
பார்+verb+nonfin+sim+past=த்+adjpart=அ+PartNoun=அவள்+human+3sgf+dat=க்கு+colloq	பாத்தவளுக்கு
பார்+verb+nonfin+sim+past=த்+adjpart=அ+PartNoun=அவள்+human+3sgf+dat=க்கு+sandhic=ச்+colloq	பாத்தவளுக்குச்
பார்+verb+nonfin+sim+past=த்+adjpart=அ+PartNoun=அவள்+human+3sgf+dat=க்கு+sandhik=க்+colloq	பாத்தவளுக்குக்
பார்+verb+nonfin+sim+past=த்+adjpart=அ+PartNoun=அவள்+human+3sgf+dat=க்கு+sandhip=ப்+colloq	பாத்தவளுக்குப்
பார்+verb+nonfin+sim+past=த்+adjpart=அ+PartNoun=அவள்+human+3sgf+dat=க்கு+sandhit=த்+colloq	பாத்தவளுக்குத்
பார்+verb+nonfin+sim+past=த்+adjpart=அ+PartNoun=அவள்+human+3sgf+gen=இன்+colloq	பாத்தவளின்
பார்+verb+nonfin+sim+past=த்+adjpart=அ+PartNoun=அவள்+human+3sgf+gen=உடைய+colloq	பாத்தவளுடைய
பார்+verb+nonfin+sim+past=த்+adjpart=அ+PartNoun=அவள்+human+3sgf+inst=ஆல்+add=உம்+colloq	பாத்தவளாலும்
பார்+verb+nonfin+sim+past=த்+adjpart=அ+PartNoun=அவள்+human+3sgf+inst=ஆல்+colloq	பாத்தவளால்
பார்+verb+nonfin+sim+past=த்+adjpart=அ+PartNoun=அவள்+human+3sgf+loc=இடம்+add=உம்+colloq	பாத்தவளிடமும்
பார்+verb+nonfin+sim+past=த்+adjpart=அ+PartNoun=அவள்+human+3sgf+loc=இடம்+colloq	பாத்தவளிடம்
பார்+verb+nonfin+sim+past=த்+adjpart=அ+PartNoun=அவள்+human+3sgf+nom+add=உம்+colloq	பாத்தவளும்
பார்+verb+nonfin+sim+past=த்+adjpart=அ+PartNoun=அவள்+human+3sgf+nom+colloq	பாத்தவள்
பார்+verb+nonfin+sim+past=த்+adjpart=அ+PartNoun=அவள்+human+3sgf+nom+foc=ஏ+colloq	பாத்தவளே
பார்+verb+nonfin+sim+past=த்+adjpart=அ+PartNoun=அவள்+human+3sgf+nom+foc=தான்+colloq	பாத்தவள்தான்
பார்+verb+nonfin+sim+past=த்+adjpart=அ+PartNoun=அவள்+human+3sgf+soc=உடன்+add=உம்+colloq	பாத்தவளுடனும்
பார்+verb+nonfin+sim+past=த்+adjpart=அ+PartNoun=அவள்+human+3sgf+soc=உடன்+colloq	பாத்தவளுடன்
பார்+verb+nonfin+sim+past=த்+adjpart=அ+PartNoun=அவள்+human+3sgf+voc=ஏ+colloq	பாத்தவளே
பார்+verb+nonfin+sim+past=த்+adjpart=அ+PartNoun=ஓர்+colloq	பாத்தோர்
பார்+verb+nonfin+sim+past=த்+adjpart=அ+PartNoun=ஓர்+human+pl+acc=ஐ+colloq	பாத்தோரை
பார்+verb+nonfin+sim+past=த்+adjpart=அ+PartNoun=ஓர்+human+pl+dat=க்கு+colloq	பாத்தோருக்கு
பார்+verb+nonfin+sim+past=த்+adjpart=அ+PartNoun=ஓர்+human+pl+gen=இன்+colloq	பாத்தோரின்
பார்+verb+nonfin+sim+past=த்+adjpart=அ+PartNoun=ஓர்+human+pl+gen=உடைய+colloq	பாத்தோருடைய
பார்+verb+nonfin+sim+past=த்+adjpart=அ+PartNoun=ஓர்+human+pl+inst=ஆல்+colloq	பாத்தோரால்
பார்+verb+nonfin+sim+past=த்+adjpart=அ+PartNoun=ஓர்+human+pl+loc=இடம்+colloq	பாத்தோரிடம்
பார்+verb+nonfin+sim+past=த்+adjpart=அ+PartNoun=ஓர்+human+pl+nom+add=உம்+colloq	பாத்தோரும்
பார்+verb+nonfin+sim+past=த்+adjpart=அ+PartNoun=ஓர்+human+pl+nom+foc=ஏ+colloq	பாத்தோரே
பார்+verb+nonfin+sim+past=த்+adjpart=அ+PartNoun=ஓர்+human+pl+soc=உடன்+colloq	பாத்தோருடன்
பார்+verb+nonfin+sim+past=த்+adjpart=அ+colloq	பாத்த
பார்+verb+nonfin+sim+past=த்+adjpart=அ+psp_padi=படி+colloq	பாத்தபடி
பார்+verb+nonfin+sim+past=த்+adjpart=அ+vpart_pin=பின்+colloq	பாத்தபின்
பார்+verb+nonfin+sim+past=த்+adjpart=அ+vpart_potu=போது+colloq	பாத்தபோது
பார்+verb+nonfin+sim+strong+past=த்+verbalnoun=அது+abl=இலிருந்து+add=உம்+colloq	பாத்ததிலிருந்தும்
பார்+verb+nonfin+sim+strong+past=த்+verbalnoun=அது+abl=இலிருந்து+colloq	பாத்ததிலிருந்து
பார்+verb+nonfin+sim+strong+past=த்+verbalnoun=அது+acc=ஐ+add=உம்+colloq	பாத்ததையும்
பார்+verb+nonfin+sim+strong+past=த்+verbalnoun=அது+acc=ஐ+colloq	பாத்ததை
பார்+verb+nonfin+sim+strong+past=த்+verbalnoun=அது+acc=ஐ+sandhic=ச்+colloq	பாத்ததைச்
பார்+verb+nonfin+sim+strong+past=த்+verbalnoun=அது+acc=ஐ+sandhik=க்+colloq	பாத்ததைக்
பார்+verb+nonfin+sim+strong+past=த்+verbalnoun=அது+acc=ஐ+sandhip=ப்+colloq	பாத்ததைப்
பார்+verb+nonfin+sim+strong+past=த்+verbalnoun=அது+acc=ஐ+sandhit=த்+colloq	பாத்ததைத்
பார்+verb+nonfin+sim+strong+past=த்+verbalnoun=அது+comp=ஆவது+add=உம்+colloq	பாத்ததாவதும்
பார்+verb+nonfin+sim+strong+past=த்+verbalnoun=அது+comp=ஆவது+colloq	பாத்ததாவது
பார்+verb+nonfin+sim+strong+past=த்+verbalnoun=அது+dat=க்கு+add=உம்+colloq	பாத்ததற்கும்
பார்+verb+nonfin+sim+strong+past=த்+verbalnoun=அது+dat=க்கு+colloq	பாத்ததற்கு
பார்+verb+nonfin+sim+strong+past=த்+verbalnoun=அது+dat=க்கு+purpose+cop=ஆ+adjpart=ன+colloq	பாத்ததற்கான
பார்+verb+nonfin+sim+strong+past=த்+verbalnoun=அது+dat=க்கு+purpose=ஆக+add=உம்+colloq	பாத்ததற்காகவும்
பார்+verb+nonfin+sim+strong+past=த்+verbalnoun=அது+dat=க்கு+purpose=ஆக+colloq	பாத்ததற்காக
பார்+verb+nonfin+sim+strong+past=த்+verbalnoun=அது+dat=க்கு+purpose=ஆக+foc=ஏ+colloq	பாத்ததற்காகவே
பார்+verb+nonfin+sim+strong+past=த்+verbalnoun=அது+dat=க்கு+purpose=ஆக+sandhic=ச்+colloq	பாத்ததற்காகச்
பார்+verb+nonfin+sim+strong+past=த்+verbalnoun=அது+dat=க்கு+purpose=ஆக+sandhik=க்+colloq	பாத்ததற்காகக்
பார்+verb+nonfin+sim+strong+past=த்+verbalnoun=அது+dat=க்கு+purpose=ஆக+sandhip=ப்+colloq	பாத்ததற்காகப்
பார்+verb+nonfin+sim+strong+past=த்+verbalnoun=அது+dat=க்கு+purpose=ஆக+sandhit=த்+colloq	பாத்ததற்காகத்
பார்+verb+nonfin+sim+strong+past=த்+verbalnoun=அது+dat=க்கு+sandhic=ச்+colloq	பாத்ததற்குச்
பார்+verb+nonfin+sim+strong+past=த்+verbalnoun=அது+dat=க்கு+sandhik=க்+colloq	பாத்ததற்குக்
பார்+verb+nonfin+sim+strong+past=த்+verbalnoun=அது+dat=க்கு+sandhip=ப்+colloq	பாத்ததற்குப்
பார்+verb+nonfin+sim+strong+past=த்+verbalnoun=அது+dat=க்கு+sandhit=த்+colloq	பாத்ததற்குத்
பார்+verb+nonfin+sim+strong+past=த்+verbalnoun=அது+gen=இன்+colloq	பாத்ததன்
பார்+verb+nonfin+sim+strong+past=த்+verbalnoun=அது+inst=ஆல்+add=உம்+colloq	பாத்ததாலும்
பார்+verb+nonfin+sim+strong+past=த்+verbalnoun=அது+inst=ஆல்+colloq	பாத்ததால்
பார்+verb+nonfin+sim+strong+past=த்+verbalnoun=அது+loc=இல்+add=உம்+colloq	பாத்ததிலும்
பார்+verb+nonfin+sim+strong+past=த்+verbalnoun=அது+loc=இல்+colloq	பாத்ததில்
பார்+verb+nonfin+sim+strong+past=த்+verbalnoun=அது+loc=இல்+colloq	பாத்ததுல
பார்+verb+nonfin+sim+strong+past=த்+verbalnoun=அது+loc=இல்+foc=ஏயே+colloq	பாத்ததிலேயே
பார்+verb+nonfin+sim+strong+past=த்+verbalnoun=அது+soc=உடன்+add=உம்+colloq	பாத்ததுடனும்
பார்+verb+nonfin+sim+strong+past=த்+verbalnoun=அது+soc=உடன்+colloq	பாத்ததுடன்
பார்+verb+nonfin+sim+strong+past=த்+verbalnoun=அது+trans=ஆக+add=உம்+colloq	பாத்ததாகவும்
பார்+verb+nonfin+sim+strong+past=த்+verbalnoun=அது+trans=ஆக+colloq	பாத்ததா
பார்+verb+nonfin+sim+strong+past=த்+verbalnoun=அது+trans=ஆக+colloq	பாத்ததாக
பார்+verb+nonfin+sim+strong+past=த்+verbalnoun=அது+trans=ஆக+cop+fut+3sgn+colloq	பாத்ததாகும்
பார்+verb+nonfin+sim+strong+past=த்+vpart_tum=தும்+colloq	பாத்ததும்
பார்+verb+nonfin+sim+strong+past=த்+vpart_tum=தும்+comp=என்று+colloq	பாத்ததும்னு
பார்+verb+nonfin+sim+strong+past=த்+vpart_tum=தும்+foc=ஏ+colloq	பாத்ததுமே
பார்+verb+nonfin+sim+strong+past=த்+vpart_tum=தும்+ques=ஆ+colloq	பாத்ததுமா
பார்+verb+nonfin+sim+strong+past=த்+vpart_tum=தும்+ques=ஓ+colloq	பாத்ததுமோ
பார்+verb+nonfin+sim+strong+past=த்+vpart_tum=தும்+report=ஆம்+colloq	பாத்ததுமாம்
பார்+verb+nonfin+sim+verbalnoun=தல்+colloq	பாத்தல்
பார்+verb+nonfin+sim+vpart=உ+add=உம்+colloq	பாத்தும்
பார்+verb+nonfin+sim+vpart=உ+colloq	பாத்து
பார்+verb+nonfin+sim+vpart=உ+foc=ஏ+colloq	பாத்தே
பார்+verb+nonfin+sim+vpart=உ+sandhic=ச்+colloq	பாத்துச்
பார்+verb+nonfin+sim+vpart=உ+sandhik=க்+colloq	பாத்துக்
பார்+verb+nonfin+sim+vpart=உ+sandhip=ப்+colloq	பாத்துப்
பார்+verb+nonfin+sim+vpart=உ+sandhit=த்+colloq	பாத்துத்
